date,reits_index,tb10y,hs300,csi_dividend,nav,reits_index_norm,nav_norm
2021-10-08,1003.3772,2.905,4929.9409,5244.4434,,0.9936003710687576,
2021-10-11,1002.628,2.9575,4936.1918,5275.2232,,0.9928584712149393,
2021-10-12,1000.3396,2.96,4883.8369,5187.6337,,0.9905923692054919,
2021-10-13,1000.9801,2.9525,4940.1089,5151.1249,,0.9912266282236054,
2021-10-14,1000.5637,2.9525,4913.6123,5130.9031,,0.9908142855926257,
2021-10-15,1000.9896,2.99,4932.1084,5143.6428,,0.9912360356563487,
2021-10-18,1001.737,3.035,4874.7753,5220.437,,0.9919761530492263,
2021-10-19,1006.8418,3.0075,4922.7232,5257.3297,,0.9970312122774326,
2021-10-20,1014.3864,2.995,4910.1846,5205.6618,,1.004502298285332,
2021-10-21,1023.1431,2.9675,4928.0156,5243.4528,,1.0131736736856678,
2021-10-22,1032.916,2.9875,4959.7254,5149.8551,,1.0228513473127123,
2021-10-25,1040.5884,2.98,4979.5235,5155.3052,,1.0304489880474113,
2021-10-26,1035.5855,2.974,4963.0984,5132.1961,,1.0254948359135776,
2021-10-27,1043.8924,2.98,4898.1644,5054.6222,,1.0337207941299205,
2021-10-28,1057.8843,2.9625,4864.138,4940.0066,,1.047576358151065,
2021-10-29,1074.1552,2.9675,4908.7701,4964.6733,,1.0636887157745218,
2021-11-01,1069.3494,2.94,4890.6851,4990.2494,,1.05892974311371,
2021-11-02,1051.1998,2.9225,4839.8457,4888.5758,,1.0409569913960612,
2021-11-03,1045.701,2.93,4821.1119,4952.7069,,1.0355117712730277,
2021-11-04,1046.0716,2.9175,4868.7419,4954.035,,1.0358787601756239,
2021-11-05,1053.4192,2.885,4842.3458,4881.9479,,1.04315476573611,
2021-11-08,1048.1136,2.895,4848.1795,4912.0163,,1.0379008630873927,
2021-11-09,1043.8746,2.895,4846.7444,4937.5171,,1.0337031675717279,
2021-11-10,1042.1428,2.8925,4821.1925,4932.4344,,1.0319882420954296,
2021-11-11,1048.9288,2.91,4898.6529,5005.169,,1.0387081198423749,
2021-11-12,1054.0796,2.935,4888.3749,4970.9613,,1.0438087308501804,
2021-11-15,1053.5469,2.92,4882.3777,4979.0,,1.0432812214373013,
2021-11-16,1055.3848,2.916,4883.3206,4951.6303,,1.0451012130835011,
2021-11-17,1059.4209,2.9225,4885.7544,4992.9592,,1.0490979856408909,
2021-11-18,1058.6901,2.91,4837.6185,4989.2881,,1.0483743064989122,
2021-11-19,1057.4126,2.925,4890.0575,5059.4292,,1.0471092543589589,
2021-11-22,1049.8573,2.9125,4912.399,5067.4266,,1.039627572611022,
2021-11-23,1047.8949,2.915,4913.3457,5095.6041,,1.0376842940830813,
2021-11-24,1051.7015,2.8875,4916.6579,5120.1412,,1.0414538028705147,
2021-11-25,1051.8969,2.8855,4896.4416,5097.9714,,1.041647298908203,
2021-11-26,1053.3588,2.845,4860.1265,5061.096,,1.043094954268984,
2021-11-29,1053.2053,2.855,4851.423,5029.2862,,1.0429429499609741,
2021-11-30,1056.4023,2.855,4832.026,5044.1175,,1.0461087986431115,
2021-12-01,1060.9103,2.8775,4843.851,5103.4783,,1.0505728730438235,
2021-12-02,1071.4935,2.89,4856.163,5114.324,,1.061052951171067,
2021-12-03,1073.493,2.8975,4901.0175,5150.0489,,1.0630329681995103,
2021-12-06,1075.7302,2.862,4892.6209,5092.9239,,1.065248369097752,
2021-12-07,1081.4028,2.88,4922.1015,5119.5989,,1.0708656957271838,
2021-12-08,1086.5934,2.8875,4995.9298,5124.2078,,1.076005718926903,
2021-12-09,1095.6679,2.88,5078.6901,5130.746,,1.0849917977089039,
2021-12-10,1104.0186,2.87,5055.1172,5118.5648,,1.0932611291414738,
2021-12-13,1111.7089,2.885,5083.8007,5117.0872,,1.100876495459973,
2021-12-14,1124.2001,2.871,5049.6953,5064.5912,,1.113245982184501,
2021-12-15,1140.8975,2.85,5005.8991,5087.3927,,1.1297806840253277,
2021-12-16,1117.2716,2.8575,5034.7321,5162.8637,,1.106384992946406,
2021-12-17,1116.2228,2.851,4954.7599,5129.7383,,1.1053464123715464,
2021-12-20,1109.1249,2.85,4880.4178,5084.1384,,1.0983176737537974,
2021-12-21,1108.6735,2.85,4913.4853,5186.4851,,1.0978706721600795,
2021-12-22,1114.4346,2.828,4914.4544,5166.8515,,1.1035756364524354,
2021-12-23,1123.3457,2.815,4948.7389,5186.9166,,1.1123999073912516,
2021-12-24,1124.8453,2.8225,4921.3449,5156.0637,,1.1138848954061822,
2021-12-27,1131.8563,2.8125,4919.3238,5186.5718,,1.1208275807707322,
2021-12-28,1129.5996,2.7975,4955.9644,5160.6195,,1.1185928698789651,
2021-12-29,1122.0775,2.7825,4883.4804,5145.0328,,1.1111440646328261,
2021-12-30,1112.9946,2.77,4921.5109,5158.3534,,1.1021496676997677,
2021-12-31,1114.2438,2.7775,4940.3733,5209.9023,,1.103386695592707,
2022-01-04,1121.2703,2.7875,4917.7653,5272.7556,,1.1103447299264695,
2022-01-05,1127.0191,2.805,4868.1202,5258.0069,,1.1160375140690633,
2022-01-06,1126.6855,2.8175,4818.2318,5281.6173,,1.115707164641362,
2022-01-07,1128.6516,2.8175,4822.3689,5296.2818,,1.1176541071167923,
2022-01-10,1130.9009,2.8025,4844.0451,5347.8286,,1.1198814901135805,
2022-01-11,1137.4459,2.795,4797.7735,5371.9026,,1.1263627161456697,
2022-01-12,1143.7306,2.7925,4845.5787,5347.7161,,1.1325861785205933,
2022-01-13,1145.6151,2.79,4765.9191,5331.4973,,1.1344523161000388,
2022-01-14,1146.4495,2.7925,4726.7317,5235.9777,,1.1352785857717234,
2022-01-17,1156.8523,2.785,4767.2762,5251.1609,,1.1455800217024523,
2022-01-18,1147.2401,2.735,4813.3472,5303.1783,,1.136061482227181,
2022-01-19,1149.9643,2.73,4780.3784,5338.3387,,1.1387591378355262,
2022-01-20,1160.1846,2.7225,4823.5091,5318.1383,,1.1488798520319758,
2022-01-21,1190.3226,2.7025,4779.3142,5276.7259,,1.1787241897180127,
2022-01-24,1213.1345,2.67,4786.7377,5252.3922,,1.2013138123492457,
2022-01-25,1191.9009,2.6975,4678.4511,5070.7303,,1.1802871108863011,
2022-01-26,1192.6285,2.7125,4712.3109,5102.6572,,1.1810076212088294,
2022-01-27,1187.3079,2.7275,4619.8765,5033.8934,,1.1757388647189386,
2022-01-28,1206.8444,2.7,4563.772,5009.7414,,1.1950850025915,
2022-02-07,1243.1359,2.7225,4634.0899,5140.6036,,1.231022881054995,
2022-02-08,1287.6082,2.7225,4608.7729,5254.5345,,1.2750618464433665,
2022-02-09,1272.7566,2.73,4652.0609,5278.9268,,1.2603549592717578,
2022-02-10,1270.9269,2.77,4639.8625,5336.1947,,1.2585430877253996,
2022-02-11,1285.8394,2.7875,4601.3953,5325.3022,,1.2733102814921735,
2022-02-14,1305.2318,2.795,4551.6878,5242.9059,,1.2925137234638604,
2022-02-15,1300.879,2.795,4600.1025,5221.0933,,1.2882033368064914,
2022-02-16,1279.4008,2.785,4617.9893,5268.1763,,1.2669344187068088,
2022-02-17,1247.6447,2.78,4629.1649,5244.6059,,1.2354877476605697,
2022-02-18,1271.7772,2.8025,4651.2358,5345.1594,,1.2593851024687281,
2022-02-21,1267.5404,2.8475,4634.3141,5379.5403,,1.2551895855164354,
2022-02-22,1226.1029,2.8425,4574.1527,5334.1764,,1.2141558492743108,
2022-02-23,1213.4478,2.8025,4623.0465,5319.447,,1.2016240595785588,
2022-02-24,1184.6817,2.8,4529.3189,5216.4932,,1.1731382542062614,
2022-02-25,1189.7706,2.7825,4573.4247,5215.192,,1.1781775683628235,
2022-02-28,1176.3908,2.7875,4581.6459,5219.1452,,1.1649281400871703,
2022-03-01,1159.1615,2.8175,4619.6862,5263.5754,,1.147866721038327,
2022-03-02,1185.0837,2.8225,4578.6007,5298.648,,1.1735363371497143,
2022-03-03,1204.775,2.84,4551.6283,5355.0094,,1.1930357666631877,
2022-03-04,1198.2453,2.8275,4496.4301,5329.2221,,1.1865696915490953,
2022-03-07,1172.1157,2.8325,4352.7775,5271.5195,,1.1606946963270808,
2022-03-08,1151.6961,2.8375,4265.391,5090.0852,,1.1404740633118242,
2022-03-09,1155.3665,2.855,4226.3463,5024.8136,,1.1441086992214013,
2022-03-10,1160.213,2.855,4292.8374,5087.3541,,1.1489079753045979,
2022-03-11,1156.9563,2.79,4306.5217,5120.3066,,1.1456830083345895,
2022-03-14,1145.3659,2.77,4174.7577,5009.3136,,1.1342055442853411,
2022-03-15,1092.3031,2.825,3983.812,4699.8654,,1.0816597840568376,
2022-03-16,1105.614,2.805,4156.081,4811.543,,1.0948409836887,
2022-03-17,1116.344,2.8,4237.6956,4896.5771,,1.1054664314082294,
2022-03-18,1113.1571,2.8,4265.9017,5025.4993,,1.102310584312482,
2022-03-21,1136.338,2.8175,4258.7459,5046.455,,1.1252656114365862,
2022-03-22,1166.1229,2.8325,4255.295,5131.9307,,1.1547602897013962,
2022-03-23,1154.2875,2.8275,4276.5174,5145.7513,,1.1430402129129789,
2022-03-24,1150.0004,2.805,4251.3061,5128.4379,,1.1387948860799504,
2022-03-25,1141.2841,2.797,4174.5742,5124.2886,,1.1301635170251758,
2022-03-28,1133.08,2.79,4148.4663,5187.1653,,1.122039357133676,
2022-03-29,1135.4684,2.785,4134.1441,5177.7105,,1.1244044847509476,
2022-03-30,1137.2465,2.772,4254.0989,5244.3886,,1.1261652590836686,
2022-03-31,1132.5919,2.78,4222.5968,5303.2837,,1.1215560131418865,
2022-04-01,1153.7177,2.773,4276.158,5357.4278,,1.142475964999597,
2022-04-06,1155.5359,2.7565,4263.8411,5447.7716,,1.1442764486010555,
2022-04-07,1142.3812,2.74,4209.0998,5342.5239,,1.1312499269686143,
2022-04-08,1156.6652,2.755,4230.7669,5399.535,,1.1453947447902133,
2022-04-11,1150.1494,2.765,4100.0703,5280.0061,,1.1389424342356085,
2022-04-12,1158.2113,2.7675,4179.9727,5264.8159,,1.146925779712782,
2022-04-13,1161.0027,2.745,4139.737,5254.4667,,1.149689980529585,
2022-04-14,1160.4938,2.7575,4191.5684,5379.7854,,1.149186039211368,
2022-04-15,1157.2544,2.785,4188.7472,5347.8981,,1.1459782036715132,
2022-04-18,1158.7854,2.8075,4166.3844,5276.5601,,1.1474942857273005,
2022-04-19,1158.3179,2.82,4134.9017,5338.5267,,1.1470313410107227,
2022-04-20,1158.6502,2.8325,4070.7889,5182.9115,,1.1473604031055225,
2022-04-21,1145.7291,2.8225,3995.83,5062.8475,,1.1345652052929585,
2022-04-22,1140.9699,2.8425,4013.2498,5128.399,,1.1298523785653924,
2022-04-25,1119.2069,2.815,3814.9127,4859.1573,,1.1083014355346263,
2022-04-26,1120.1623,2.8275,3784.1198,4766.7064,,1.1092475261917782,
2022-04-27,1128.8713,2.8425,3895.5361,4820.5909,,1.117871666377182,
2022-04-28,1115.9106,2.8425,3921.1073,4883.1703,,1.1050372544239195,
2022-04-29,1122.5613,2.8375,4016.241,5019.2283,,1.1116231505234793,
2022-05-05,1115.7216,2.826,4010.2102,5052.006,,1.104850096025132,
2022-05-06,1114.203,2.83,3908.815,4921.834,,1.1033462931447147,
2022-05-09,1109.4344,2.815,3877.4364,4934.0392,,1.0986241580100131,
2022-05-10,1109.7332,2.8075,3919.8684,4930.6719,,1.0989200465261915,
2022-05-11,1118.2059,2.8225,3976.4231,4923.273,,1.1073101892003068,
2022-05-12,1124.4666,2.805,3958.74,4911.5352,,1.1135098854293524,
2022-05-13,1127.6411,2.815,3988.6002,5028.3112,,1.1166534533497294,
2022-05-16,1126.114,2.82,3956.5378,5078.7809,,1.1151412332926471,
2022-05-17,1124.3157,2.8125,4005.8934,5040.8226,,1.1133604557871457,
2022-05-18,1120.7269,2.8,3991.9069,5006.19,,1.1098066247735532,
2022-05-19,1112.3807,2.8075,3999.5984,5024.2502,,1.1015417494933355,
2022-05-20,1114.5368,2.8175,4077.5998,5070.655,,1.1036768406236317,
2022-05-23,1111.2849,2.795,4053.9823,5084.9867,,1.1004566268827989,
2022-05-24,1106.4432,2.794,3959.1541,4951.5297,,1.0956621040287775,
2022-05-25,1105.8809,2.76,3983.1784,5031.2878,,1.0951052830359826,
2022-05-26,1106.2916,2.74,3993.0446,5081.9916,,1.0955119812073164,
2022-05-27,1106.5258,2.7475,4001.2988,5074.4263,,1.0957438991808404,
2022-05-30,1102.5959,2.77,4029.0179,5072.0614,,1.09185229181896,
2022-05-31,1094.8424,2.7925,4091.5176,5070.5271,,1.0841743413163158,
2022-06-01,1088.5187,2.8,4083.1772,5093.2163,,1.0779122589543413,
2022-06-02,1090.7677,2.805,4089.5682,5054.2338,,1.080139344874306,
2022-06-06,1108.1419,2.818,4166.085,5073.1216,,1.0973442520288863,
2022-06-07,1123.6402,2.805,4179.1285,5087.4234,,1.1126915378062938,
2022-06-08,1117.766,2.8075,4219.8122,5125.1709,,1.1068745755514886,
2022-06-09,1122.3476,2.795,4175.6747,5100.7594,,1.111411532799559,
2022-06-10,1125.4876,2.7925,4238.9936,5134.1267,,1.1145209368852367,
2022-06-13,1121.6578,2.766,4189.3527,5071.6427,,1.1107284541567881,
2022-06-14,1124.7241,2.77,4222.3114,5143.2939,,1.1137648763694994,
2022-06-15,1126.0768,2.78,4278.2178,5137.3642,,1.1151043957665365,
2022-06-16,1124.4962,2.775,4250.0614,5058.3695,,1.1135391970092683,
2022-06-17,1121.0687,2.775,4309.0444,5056.8537,,1.1101450943010962,
2022-06-20,1111.3466,2.7825,4330.4328,5035.0745,,1.1005177256828262,
2022-06-21,1110.1394,2.7825,4325.5657,5037.4703,,1.0993222885451732,
2022-06-22,1109.9495,2.7775,4270.6227,4970.5763,,1.099134238915915,
2022-06-23,1115.8075,2.78,4343.8781,5039.9466,,1.1049351590222527,
2022-06-24,1132.2336,2.8,4394.7723,5033.9618,,1.1212012043890527,
2022-06-27,1139.0472,2.825,4444.2639,5079.5629,,1.1279484132037576,
2022-06-28,1144.2605,2.84,4490.5166,5125.1371,,1.1331109152164534,
2022-06-29,1141.3802,2.83,4421.357,5091.243,,1.1302586806342947,
2022-06-30,1147.4339,2.815,4485.0108,5106.4698,,1.1362533938551442,
2022-07-01,1147.5721,2.825,4466.7179,5125.9429,,1.1363902472451572,
2022-07-04,1151.0525,2.8475,4496.0303,5143.8105,,1.1398367344998683,
2022-07-05,1145.8401,2.83,4489.5383,5151.2179,,1.1346751237176431,
2022-07-06,1144.1768,2.835,4423.9698,5050.6118,,1.1330280307827043,
2022-07-07,1143.3552,2.8375,4443.4736,5081.066,,1.1322144363888214,
2022-07-08,1147.6416,2.8375,4428.781,5070.861,,1.136459070042595,
2022-07-11,1145.3651,2.8175,4354.6167,4997.901,,1.1342047520804786,
2022-07-12,1149.2759,2.8075,4313.6184,4997.9361,,1.1380774455512648,
2022-07-13,1146.8508,2.805,4321.4617,5004.2743,,1.1356759755359216,
2022-07-14,1152.4566,2.7875,4322.0742,4937.89,,1.1412271530593268,
2022-07-15,1154.4194,2.785,4248.5273,4813.9362,,1.143170827689699,
2022-07-18,1159.6697,2.7805,4292.5858,4932.1107,,1.1483699691772893,
2022-07-19,1163.3853,2.7855,4269.3401,4951.3882,,1.1520493646616028,
2022-07-20,1166.5213,2.7675,4283.8027,4968.2179,,1.1551548077229676,
2022-07-21,1165.6616,2.764,4236.0578,4896.2076,,1.1543034845725035,
2022-07-22,1167.0468,2.7825,4238.2341,4874.2956,,1.1556751872920834,
2022-07-25,1161.0217,2.778,4212.6441,4869.8414,,1.1497087953950715,
2022-07-26,1157.4433,2.77,4245.9758,4938.786,,1.1461652630446928,
2022-07-27,1155.1467,2.7675,4225.0357,4943.2277,,1.143891040935404,
2022-07-28,1159.8315,2.765,4225.6733,4962.8899,,1.1485301926107487,
2022-07-29,1163.8996,2.755,4170.1019,4921.7183,,1.1525586533626422,
2022-08-01,1166.6163,2.7295,4188.6784,4937.8859,,1.1552488820504003,
2022-08-02,1164.2208,2.7275,4107.024,4798.7797,,1.1528767236149735,
2022-08-03,1165.0291,2.7175,4066.9754,4736.1082,,1.1536771476030159,
2022-08-04,1169.8513,2.719,4101.5367,4762.2823,,1.1584523604635113,
2022-08-05,1168.024,2.735,4156.9111,4797.1442,,1.1566428655317407,
2022-08-08,1165.7749,2.7375,4148.0746,4873.2309,,1.154415680586168,
2022-08-09,1160.2659,2.7375,4156.2907,4883.649,,1.1489603598511369,
2022-08-10,1161.4186,2.734,4109.7373,4862.6151,,1.1501018280325255,
2022-08-11,1160.421,2.7275,4193.5428,4923.7214,,1.1491139485688722,
2022-08-12,1163.1435,2.7275,4191.152,4957.3534,,1.151809920741884,
2022-08-15,1168.3518,2.65,4185.6794,4969.8452,,1.1569674714741882,
2022-08-16,1173.7473,2.6325,4177.837,4996.1046,,1.1623103981443395,
2022-08-17,1174.4672,2.6225,4216.9586,5012.0491,,1.1630232834950653,
2022-08-18,1179.0895,2.61,4180.0996,4969.3372,,1.1676005441655202,
2022-08-19,1195.6877,2.625,4151.0738,5006.9979,,1.1840370126033852,
2022-08-22,1190.982,2.6275,4181.3965,5050.9213,,1.179377164576005,
2022-08-23,1193.0286,2.635,4161.0823,5075.6273,,1.1814038226657337,
2022-08-24,1185.7733,2.635,4082.4195,4984.4626,,1.1742192177412696,
2022-08-25,1191.2063,2.66,4116.2396,5073.6245,,1.1795992790143546,
2022-08-26,1188.4176,2.6625,4107.5455,5051.2158,,1.176837751888963,
2022-08-29,1182.777,2.6325,4089.5205,5090.8457,,1.171252113454035,
2022-08-30,1186.7323,2.6325,4075.7937,5060.863,,1.1751688733203027,
2022-08-31,1191.7403,2.64,4078.8402,5009.623,,1.1801280757601353,
2022-09-01,1187.6835,2.6225,4043.7395,5043.0279,,1.1761108049019262,
2022-09-02,1188.9481,2.6325,4023.6131,5040.1258,,1.17736308273847,
2022-09-05,1186.3642,2.625,4015.4264,5115.8301,,1.1748043600579023,
2022-09-06,1188.3833,2.62,4052.2802,5201.739,,1.1768037861054792,
2022-09-07,1190.8327,2.627,4054.983,5187.116,,1.1792293193435235,
2022-09-08,1195.9885,2.63,4037.6839,5168.4662,,1.18433488163172,
2022-09-09,1200.9244,2.643,4093.7874,5222.8554,,1.1892226866083118,
2022-09-13,1197.6024,2.649,4111.1145,5187.6275,,1.1859330559163939,
2022-09-14,1194.0819,2.664,4065.359,5144.5946,,1.1824468593929451,
2022-09-15,1192.3876,2.6615,4027.1186,5134.2684,,1.180769068519581,
2022-09-16,1189.6255,2.67,3932.6826,4975.1508,,1.178033882205871,
2022-09-19,1188.1417,2.67,3928.0001,4975.774,,1.1765645402369762,
2022-09-20,1186.7403,2.6575,3932.8361,4980.3913,,1.1751767953689287,
2022-09-21,1189.2075,2.638,3903.7348,5020.6196,,1.1776199551651658,
2022-09-22,1192.8064,2.646,3869.344,5015.0548,,1.1811837877651485,
2022-09-23,1193.7113,2.6725,3856.0212,4962.2136,,1.182079870490349,
2022-09-26,1190.8892,2.6985,3836.6773,4872.4905,,1.1792852688119444,
2022-09-27,1189.7242,2.6875,3892.295,4930.363,,1.1781316204807932,
2022-09-28,1199.9379,2.715,3828.7098,4869.6435,,1.1882457989871265,
2022-09-29,1191.0332,2.725,3827.1434,4846.587,,1.179427865687211,
2022-09-30,1187.1779,2.755,3804.8853,4869.9909,,1.1756101314287672,
2022-10-10,1174.9448,2.74,3720.9365,4856.0239,,1.1634962297980334,
2022-10-11,1170.8255,2.74,3727.6867,4856.6655,,1.1594170679349338,
2022-10-12,1172.142,2.7275,3784.3064,4924.6696,,1.1607207400619386,
2022-10-13,1175.7813,2.7225,3752.6729,4878.2975,,1.1643245790074823,
2022-10-14,1175.8582,2.6975,3842.4698,4934.5125,,1.1644007296998988,
2022-10-17,1173.4477,2.7,3846.4119,4935.9049,,1.1620137174232983,
2022-10-18,1175.818,2.7,3838.2667,4941.3127,,1.1643609214055537,
2022-10-19,1175.0908,2.7065,3776.5335,4901.7465,,1.1636408071854565,
2022-10-20,1173.2451,2.7175,3754.9269,4855.4973,,1.1618130915418468,
2022-10-21,1170.2262,2.7325,3742.8929,4878.474,,1.158823607467244,
2022-10-24,1158.8871,2.7175,3633.3733,4772.9081,,1.1475949947704576,
2022-10-25,1151.8345,2.73,3627.4542,4753.564,,1.1406111147530529,
2022-10-26,1150.3922,2.705,3656.9027,4741.7555,,1.1391828684114056,
2022-10-27,1138.1018,2.7,3631.1448,4754.4951,,1.1270122251073882,
2022-10-28,1139.864,2.665,3541.3295,4628.8304,,1.1287572543684652,
2022-10-31,1128.7616,2.645,3508.7034,4561.9989,,1.1177630352853989,
2022-11-01,1127.914,2.665,3634.1732,4622.1442,,1.1169236942334815,
2022-11-02,1139.3617,2.685,3677.8051,4679.5331,,1.1282598487403646,
2022-11-03,1143.7271,2.6775,3647.8966,4654.3345,,1.1325827126243193,
2022-11-04,1150.2791,2.7075,3767.1746,4750.5437,,1.1390708704489563,
2022-11-07,1143.2432,2.7025,3775.2971,4784.9273,,1.1321035277080582,
2022-11-08,1134.2096,2.68,3749.3251,4790.0193,,1.1231579503996574,
2022-11-09,1129.6577,2.6925,3714.2704,4795.2336,,1.1186504037571108,
2022-11-10,1124.463,2.6875,3685.6885,4793.4693,,1.1135063205074707,
2022-11-11,1122.8745,2.7375,3788.4387,4900.0226,,1.1119332987271842,
2022-11-14,1114.9546,2.839,3794.0171,4914.2351,,1.104090569613121,
2022-11-15,1109.2608,2.815,3865.9726,4961.8809,,1.0984522495548303,
2022-11-16,1105.5728,2.83,3834.3899,4943.7381,,1.0948001851382763,
2022-11-17,1095.8185,2.7875,3818.664,4924.1986,,1.0851409302742872,
2022-11-18,1093.8077,2.83,3801.5686,4891.5442,,1.0831497233521594,
2022-11-21,1107.3458,2.82,3769.1269,4894.16,,1.0965559091649983,
2022-11-22,1104.3961,2.83,3769.5727,4899.1869,,1.0936349508110097,
2022-11-23,1103.2802,2.785,3773.5287,4910.7696,,1.0925299240533002,
2022-11-24,1103.2023,2.805,3756.8082,4945.974,,1.0924527831048052,
2022-11-25,1104.1265,2.84,3775.7764,5007.6149,,1.093367977772316,
2022-11-28,1101.0419,2.87,3733.2424,4986.3839,,1.0903134338733729,
2022-11-29,1106.7159,2.89,3848.4224,5129.6265,,1.095932146861314,
2022-11-30,1106.2306,2.9175,3853.0365,5120.0521,,1.0954515755865437,
2022-12-01,1109.6698,2.8975,3894.7687,5093.5771,,1.098857264290831,
2022-12-02,1113.1859,2.905,3870.9478,5077.2213,,1.1023391036875354,
2022-12-05,1124.5419,2.9245,3946.8759,5151.1459,,1.113584451712044,
2022-12-06,1133.2542,2.945,3968.1979,5125.573,,1.1222118597425057,
2022-12-07,1129.7494,2.9075,3958.4409,5095.9529,,1.1187412102394854,
2022-12-08,1131.0684,2.915,3959.1798,5106.7151,,1.1200473580066859,
2022-12-09,1132.8968,2.9175,3998.2442,5151.5545,,1.1218579422201422,
2022-12-12,1128.2976,2.9125,3953.4433,5077.8586,,1.1173035564650948,
2022-12-13,1124.9097,2.9175,3945.6813,5101.5963,,1.113948667897621,
2022-12-14,1117.6872,2.883,3954.8857,5082.2494,,1.106796543372523,
2022-12-15,1116.246,2.915,3951.9885,5030.6117,,1.1053693863125618,
2022-12-16,1114.8626,2.905,3954.227,5083.3404,,1.1039994660539225,
2022-12-19,1112.3351,2.8875,3893.2207,4978.9303,,1.1014965938161678,
2022-12-20,1104.156,2.8925,3829.0173,4928.7312,,1.093397190326624,
2022-12-21,1101.3757,2.86,3830.5384,4930.9022,,1.09064398135229,
2022-12-22,1102.3118,2.85,3836.028,4896.1758,,1.0915709600671315,
2022-12-23,1108.6348,2.825,3828.2188,4890.0072,,1.0978323492498514,
2022-12-26,1109.6217,2.84,3843.4887,4877.9674,,1.0988096329734676,
2022-12-27,1106.4053,2.8675,3887.854,4928.713,,1.0956245733234122,
2022-12-28,1097.2736,2.85,3871.2644,4936.895,,1.086581851893736,
2022-12-29,1098.779,2.8375,3856.7007,4892.7946,,1.0880725833939204,
2022-12-30,1114.4713,2.838,3871.6338,4925.8579,,1.1036119788505068,
2023-01-03,1107.4988,2.82,3887.8992,4957.7815,,1.0967074183449692,
2023-01-04,1102.4995,2.815,3892.9477,4996.9112,,1.0917568311330172,
2023-01-05,1096.6843,2.8325,3968.5782,5010.5086,,1.0859982939868282,
2023-01-06,1102.3144,2.8325,3980.8888,5000.1082,,1.091573534732935,
2023-01-09,1102.2433,2.84,4013.1196,4997.3119,,1.091503127525772,
2023-01-10,1106.2551,2.88,4017.4737,4968.9988,,1.0954758368604605,
2023-01-11,1105.9598,2.86,4010.0309,4995.8475,,1.0951834142405559,
2023-01-12,1104.0608,2.88,4017.8692,4976.5391,,1.0933029179479756,
2023-01-13,1101.5047,2.8975,4074.3772,5019.2458,,1.0907717243863828,
2023-01-16,1098.4215,2.9125,4137.9643,5038.5611,,1.0877185668459493,
2023-01-17,1095.4953,2.9,4137.2422,5030.9612,,1.0848208795097996,
2023-01-18,1095.9631,2.915,4130.3143,5036.7192,,1.0852841213032007,
2023-01-19,1096.4958,2.91,4156.0077,5057.0592,,1.08581163071608,
2023-01-20,1098.2472,2.9225,4181.5267,5106.6742,,1.0875459652115118,
2023-01-30,1105.8607,2.9125,4201.345,5088.4584,,1.095085279863202,
2023-01-31,1118.715,2.8975,4156.8578,5099.7113,,1.1078143285697395,
2023-02-01,1125.3428,2.91,4195.9332,5115.4126,,1.1143775478051072,
2023-02-02,1120.8305,2.895,4181.1493,5123.7449,,1.109909215303259,
2023-02-03,1122.4342,2.895,4141.6319,5078.3412,,1.1114972889759345,
2023-02-06,1122.5965,2.8975,4086.8779,5049.7994,,1.1116580075374334,
2023-02-07,1121.6085,2.895,4094.2335,5076.7373,,1.1106796345321308,
2023-02-08,1120.8632,2.895,4076.1411,5054.0931,,1.1099415966770174,
2023-02-09,1120.3125,2.8875,4130.8565,5091.4248,,1.10939626265473,
2023-02-10,1123.7614,2.89,4106.3097,5093.7288,,1.1128115568429766,
2023-02-13,1126.9448,2.895,4143.574,5111.8712,,1.11596393804245,
2023-02-14,1132.1885,2.89,4145.2902,5138.1849,,1.121156543839924,
2023-02-15,1128.9936,2.89,4123.6893,5106.61,,1.1179927746955507,
2023-02-16,1126.1707,2.89,4093.4876,5062.7955,,1.1151973808122833,
2023-02-17,1125.0464,2.888,4034.507,5069.2342,,1.1140840359035165,
2023-02-20,1126.789,2.9175,4133.4896,5182.7456,,1.11580965614546,
2023-02-21,1129.6271,2.919,4144.3536,5241.1907,,1.1186201019211166,
2023-02-22,1127.4857,2.918,4106.9506,5244.3046,,1.1164995675551705,
2023-02-23,1122.9015,2.9225,4103.6463,5251.396,,1.1119600356412966,
2023-02-24,1116.5318,2.91,4061.0457,5230.0646,,1.105652401499723,
2023-02-27,1111.1498,2.911,4043.8444,5222.782,,1.100322843286628,
2023-02-28,1111.6065,2.911,4069.4587,5245.9443,,1.1007750932375613,
2023-03-01,1112.009,2.9125,4126.9415,5281.4776,,1.1011736713090532,
2023-03-02,1111.5142,2.925,4117.7377,5304.9916,,1.1006836926015395,
2023-03-03,1111.0846,2.914,4130.5513,5327.927,,1.1002582785903268,
2023-03-06,1107.8092,2.891,4109.0102,5302.978,,1.0970147938316552,
2023-03-07,1103.4131,2.8825,4048.8519,5271.2937,,1.0926615290860986,
2023-03-08,1100.2666,2.8925,4034.1077,5267.1538,,1.0895456883359123,
2023-03-09,1099.2236,2.8825,4019.8505,5250.3011,,1.0885128512463067,
2023-03-10,1098.6112,2.875,3967.1352,5156.6232,,1.0879064184239917,
2023-03-13,1105.6582,2.875,4008.686,5219.0596,,1.0948847530073582,
2023-03-14,1104.2966,2.865,3984.6956,5175.8748,,1.0935364203312248,
2023-03-15,1103.9295,2.861,3986.902,5238.4384,,1.0931728973249024,
2023-03-16,1101.1343,2.8575,3939.1505,5189.8522,,1.0904049335350023,
2023-03-17,1100.6835,2.86,3958.8194,5220.7732,,1.0899585260949312,
2023-03-20,1096.0159,2.8525,3939.077,5196.1273,,1.085336406824132,
2023-03-21,1094.7294,2.86,3982.3782,5195.3517,,1.0840624423794745,
2023-03-22,1093.8432,2.8575,3999.4427,5219.8761,,1.0831848774429371,
2023-03-23,1093.5457,2.8675,4039.0895,5224.2042,,1.0828902762596602,
2023-03-24,1092.7614,2.8625,4027.0457,5181.6082,,1.0821136184174958,
2023-03-27,1093.3567,2.855,4012.4771,5139.553,,1.0827031178608726,
2023-03-28,1088.5491,2.854,3999.5147,5141.399,,1.0779423627391196,
2023-03-29,1080.3334,2.853,4006.144,5126.5222,,1.0698067158771125,
2023-03-30,1079.325,2.86,4038.5257,5158.6573,,1.068808141647814,
2023-03-31,1084.6481,2.8525,4050.9257,5175.8851,,1.0740793737779004,
2023-04-03,1089.08,2.861,4090.5676,5199.3675,,1.078468089691058,
2023-04-04,1089.0978,2.86,4103.1052,5217.9849,,1.0784857162492507,
2023-04-06,1085.9832,2.861,4096.64,5185.4373,,1.0754014646679602,
2023-04-07,1087.7856,2.8475,4123.2799,5205.3899,,1.0771863022233823,
2023-04-10,1085.5735,2.846,4104.8118,5206.9005,,1.0749957567527046,
2023-04-11,1080.8458,2.818,4100.1479,5240.3212,,1.0703141230916033,
2023-04-12,1074.5496,2.8175,4097.2876,5292.2625,,1.0640792727717803,
2023-04-13,1069.7514,2.825,4068.9786,5293.2456,,1.0593278260571628,
2023-04-14,1071.7102,2.826,4091.9988,5287.0289,,1.0612675396632218,
2023-04-17,1075.2126,2.844,4149.3836,5359.7568,,1.0647358125516544,
2023-04-18,1077.8674,2.8325,4162.032,5379.556,,1.0673647443881693,
2023-04-19,1074.1544,2.8325,4124.5589,5374.9389,,1.0636879235696592,
2023-04-20,1068.4639,2.832,4113.0192,5383.531,,1.058052871356427,
2023-04-21,1053.5638,2.824,4032.5672,5318.818,,1.0432979567650233,
2023-04-24,1049.432,2.8125,3982.6429,5314.8677,,1.039206416700946,
2023-04-25,1044.7133,2.8165,3962.6658,5332.1421,,1.0345336953445485,
2023-04-26,1039.0848,2.795,3959.2323,5345.3802,,1.0289600390081675,
2023-04-27,1029.4292,2.785,3988.4185,5357.9061,,1.0193985224191007,
2023-04-28,1029.0485,2.776,4029.0858,5414.9459,,1.0190215319301141,
2023-05-04,1022.6026,2.76,4030.2471,5523.839,,1.0126384402753785,
2023-05-05,1017.2906,2.733,4016.8774,5537.914,,1.0073781999877605,
2023-05-08,1013.3552,2.745,4062.6624,5653.0053,,1.0034811462174495,
2023-05-09,1015.4946,2.735,4027.8754,5607.7164,,1.005599700071239,
2023-05-10,1031.6383,2.7125,3996.8695,5499.4512,,1.0215860971215436,
2023-05-11,1034.504,2.701,3990.6637,5495.8546,,1.0244238739649596,
2023-05-12,1032.2509,2.7025,3937.7622,5463.1357,,1.0221927279950742,
2023-05-15,1025.175,2.72,3998.8872,5461.7814,,1.0151857750110462,
2023-05-16,1029.7095,2.712,3978.2054,5423.5172,,1.0196760911978315,
2023-05-17,1027.7067,2.7225,3960.165,5396.7055,,1.0176928063243298,
2023-05-18,1025.5291,2.7185,3956.0701,5426.5123,,1.0155364246883516,
2023-05-19,1022.7276,2.715,3944.5403,5360.5872,,1.0127622222851587,
2023-05-22,1020.6248,2.7075,3969.3277,5355.0149,,1.0106799118038328,
2023-05-23,1020.135,2.7,3913.1882,5287.3933,,1.0101948843767101,
2023-05-24,1019.0649,2.7025,3859.0935,5211.9924,,1.009135211347384,
2023-05-25,1019.4666,2.7045,3850.4996,5188.2419,,1.0095329972140135,
2023-05-26,1017.3354,2.719,3850.9511,5233.144,,1.0074225634600658,
2023-05-29,1009.9818,2.71,3833.9416,5268.174,,1.0001406163631104,
2023-05-30,996.3891,2.7175,3837.7531,5262.09,,0.9866803625683995,
2023-05-31,982.3486,2.705,3798.5434,5214.2105,,0.9727766721018523,
2023-06-01,976.2113,2.702,3806.8679,5195.6708,,0.9666991734728618,
2023-06-02,970.3135,2.715,3861.8337,5225.2303,,0.9608588411746101,
2023-06-05,939.3221,2.7125,3844.2492,5252.5754,,0.930169418951402,
2023-06-06,930.9915,2.704,3808.1629,5209.3483,,0.9219199916660048,
2023-06-07,943.1421,2.704,3789.3418,5247.881,,0.9339521971702839,
2023-06-08,964.3862,2.704,3820.1867,5295.1971,,0.9549892963220503,
2023-06-09,964.2563,2.6875,3836.7026,5284.1484,,0.9548606620574868,
2023-06-12,957.8177,2.6825,3844.4324,5252.3151,,0.9484847992721221,
2023-06-13,954.7209,2.62,3864.9074,5243.4003,,0.9454181742490245,
2023-06-14,952.7263,2.62,3864.0247,5214.8935,,0.9434430094753644,
2023-06-15,950.3347,2.66,3925.4994,5216.5775,,0.9410747130386424,
2023-06-16,956.0351,2.67,3963.3509,5197.7652,,0.9467195687870493,
2023-06-19,948.5375,2.6925,3930.9079,5132.5413,,0.9392950248148271,
2023-06-20,945.6874,2.67,3924.2377,5090.2633,,0.9364726959662315,
2023-06-21,939.6695,2.67,3864.0323,5040.6996,,0.930513433912983,
2023-06-26,933.6749,2.666,3809.6962,4974.2752,,0.9245772448263576,
2023-06-27,930.5968,2.6675,3845.4334,5060.8202,,0.921529137591923,
2023-06-28,928.9079,2.665,3840.7986,5084.6346,,0.9198566941013813,
2023-06-29,924.9477,2.65,3821.8435,5067.4507,,0.91593508198033,
2023-06-30,918.5929,2.6375,3842.4516,5072.5473,,0.909642202654322,
2023-07-03,909.0353,2.64,3892.8821,5125.9614,,0.9001777311609228,
2023-07-04,902.9984,2.6465,3899.0133,5100.7727,,0.8941996542421877,
2023-07-05,892.7543,2.639,3868.8054,5086.7693,,0.8840553719510758,
2023-07-06,909.3575,2.64,3842.7547,5054.0354,,0.900496791669332,
2023-07-07,928.7558,2.64,3825.6988,5072.59,,0.9197060761518808,
2023-07-10,931.197,2.64,3844.3269,5093.4076,,0.9221234892900835,
2023-07-11,928.1982,2.635,3869.4861,5103.3483,,0.9191539093626534,
2023-07-12,923.7613,2.638,3843.4369,5064.7159,,0.9147602421691045,
2023-07-13,930.7595,2.6425,3898.4229,5113.901,,0.9216902522558529,
2023-07-14,938.6673,2.645,3899.1027,5111.7184,,0.9295209992713696,
2023-07-17,961.5871,2.6345,3867.1749,5060.9423,,0.952217470533445,
2023-07-18,989.3425,2.6235,3854.9393,5056.1214,,0.9797024240874642,
2023-07-19,978.2917,2.624,3850.8663,5076.3131,,0.968759302218035,
2023-07-20,961.8975,2.622,3823.6946,5048.749,,0.9525248460201312,
2023-07-21,963.5952,2.6125,3821.91,5046.854,,0.9542060037641614,
2023-07-24,963.0372,2.63,3805.221,5048.471,,0.9536534408725028,
2023-07-25,965.1382,2.6725,3915.1153,5132.8386,,0.9557339688928878,
2023-07-26,963.2726,2.644,3907.0128,5141.997,,0.9538865471533208,
2023-07-27,960.4977,2.6375,3902.3458,5147.4536,,0.9511386855618089,
2023-07-28,960.8814,2.655,3992.7376,5241.7957,,0.9515186468190301,
2023-07-31,965.5432,2.66,4014.6301,5278.6579,,0.9561350226045755,
2023-08-01,972.0543,2.66,3998.001,5283.4628,,0.9625826789556126,
2023-08-02,975.752,2.6475,3969.895,5235.2922,,0.9662443488561255,
2023-08-03,975.1207,2.647,4004.9839,5264.085,,0.9656192001939319,
2023-08-04,978.2244,2.646,4020.5792,5248.909,,0.9686926579839693,
2023-08-07,980.1444,2.646,3990.1531,5203.1077,,0.9705939496541928,
2023-08-08,981.6281,2.643,3979.7322,5195.8537,,0.9720631925974794,
2023-08-09,984.1503,2.649,3967.5652,5172.8763,,0.9745608164780196,
2023-08-10,984.5037,2.6465,3975.7166,5185.8257,,0.9749107729760701,
2023-08-11,981.251,2.635,3884.2538,5105.884,,0.9716897670303746,
2023-08-14,979.024,2.62,3855.9061,5103.1855,,0.9694844667441311,
2023-08-15,979.6352,2.5675,3846.5357,5137.0411,,0.9700897112591523,
2023-08-16,976.1188,2.563,3818.3338,5134.5093,,0.9666075747856244,
2023-08-17,971.0311,2.563,3831.1008,5134.9776,,0.9615694489363561,
2023-08-18,972.0001,2.5575,3784.0038,5112.6633,,0.9625290070761718,
2023-08-21,966.3426,2.538,3729.555,5059.3748,,0.9569266333135216,
2023-08-22,964.0983,2.5525,3758.2271,5099.7647,,0.9547042015971247,
2023-08-23,962.5039,2.545,3696.6339,5085.6213,,0.9531253373059767,
2023-08-24,966.9024,2.5545,3723.4293,5061.5614,,0.957480978666121,
2023-08-25,969.9883,2.5675,3709.1517,5071.8677,,0.960536809897966,
2023-08-28,971.6626,2.58,3752.6194,5141.9299,,0.9621947956497655,
2023-08-29,969.1618,2.592,3790.1067,5151.0754,,0.9597183632492995,
2023-08-30,968.7062,2.5875,3788.5097,5113.6297,,0.9592672025800528,
2023-08-31,967.9375,2.587,3765.2678,5060.8994,,0.9585059927327088,
2023-09-01,964.7895,2.625,3791.4912,5114.916,,0.955388666598405,
2023-09-04,962.5047,2.65,3848.9517,5194.1615,,0.9531261295108392,
2023-09-05,962.5223,2.641,3820.3174,5153.7671,,0.9531435580178163,
2023-09-06,962.3756,2.665,3812.0283,5152.7007,,0.9529982874511382,
2023-09-07,962.4908,2.667,3758.4748,5125.6082,,0.9531123649513518,
2023-09-08,964.6126,2.6675,3739.9927,5092.095,,0.9552134902981642,
2023-09-11,970.5137,2.65,3767.537,5129.3779,,0.961057090441474,
2023-09-12,970.0189,2.6525,3760.6048,5122.7665,,0.9605671117339603,
2023-09-13,968.9299,2.6375,3736.6513,5136.9986,,0.9594887228647554,
2023-09-14,967.6469,2.62,3733.5077,5188.4465,,0.9582182243163717,
2023-09-15,965.6746,2.6675,3708.7766,5176.4278,,0.9562651422532565,
2023-09-18,962.7268,2.6675,3727.711,5182.1694,,0.9533460653858167,
2023-09-19,962.5441,2.6775,3720.5021,5216.8452,,0.953165145600322,
2023-09-20,962.4189,2.67,3705.6898,5223.7886,,0.9530411655393262,
2023-09-21,962.0598,2.6575,3672.4448,5189.7566,,0.9526855645816297,
2023-09-22,963.279,2.675,3738.9327,5211.9694,,0.9538928847922216,
2023-09-25,962.8769,2.6975,3714.6037,5201.5588,,0.9534947028231606,
2023-09-26,963.0874,2.695,3692.8928,5178.0539,,0.9537031517276305,
2023-09-27,963.3025,2.6875,3700.495,5160.2086,,0.9539161558100602,
2023-09-28,965.3021,2.6775,3689.5172,5161.125,,0.9558962718641115,
2023-10-09,962.1705,2.6675,3684.7272,5142.7127,,0.952795185929491,
2023-10-10,960.303,2.685,3657.1259,5091.6277,,0.9509458827033753,
2023-10-11,954.7898,2.6975,3667.5483,5075.7901,,0.9454864028928153,
2023-10-12,953.7486,2.691,3702.3824,5127.166,,0.9444553482641505,
2023-10-13,950.0332,2.666,3663.4104,5120.7103,,0.9407761508310526,
2023-10-16,943.6746,2.685,3626.5972,5130.5163,,0.9344795085319474,
2023-10-17,938.9479,2.687,3639.4018,5140.4928,,0.9297988651269241,
2023-10-18,933.7947,2.706,3610.5767,5093.106,,0.924695877504531,
2023-10-19,927.0854,2.7175,3533.5445,5008.1936,,0.9180519523987865,
2023-10-20,915.876,2.7025,3510.5889,4982.368,,0.9069517759153481,
2023-10-23,902.3291,2.7045,3474.2438,4915.646,,0.8935368758490209,
2023-10-24,911.8161,2.72,3487.1302,4953.0429,,0.9029314352632962,
2023-10-25,916.2337,2.7075,3504.4576,4997.211,,0.9073059905145351,
2023-10-26,914.3919,2.715,3514.1448,5021.195,,0.9054821368696302,
2023-10-27,914.6663,2.7125,3562.3851,5041.4708,,0.9057538631374996,
2023-10-30,909.8431,2.715,3583.7718,4989.67,,0.9009776600209262,
2023-10-31,908.9569,2.6875,3572.5056,4998.8946,,0.9001000950843887,
2023-11-01,904.9954,2.686,3571.0268,4992.9413,,0.8961771956304356,
2023-11-02,902.5472,2.656,3554.1889,5001.1963,,0.8937528506996852,
2023-11-03,903.2999,2.6625,3584.1364,4977.7857,,0.8944982164497775,
2023-11-06,902.5885,2.654,3632.6084,4969.887,,0.8937937482757166,
2023-11-07,897.926,2.67,3619.7593,4967.4888,,0.8891766793109165,
2023-11-08,903.5906,2.6475,3611.0723,4961.33,,0.8947860838917222,
2023-11-09,911.0536,2.648,3612.8263,4993.8853,,0.9021763650036372,
2023-11-10,909.1425,2.644,3586.4893,4975.8006,,0.9002838866125102,
2023-11-13,904.905,2.645,3579.4141,4984.6953,,0.8960876764809627,
2023-11-14,904.2152,2.6625,3582.0584,4977.8441,,0.8954045978381918,
2023-11-15,901.5735,2.663,3607.2454,5002.0913,,0.8927886383563016,
2023-11-16,898.9622,2.656,3572.3641,4995.8553,,0.8902027826591902,
2023-11-17,895.6335,2.653,3568.0685,4982.9461,,0.8869065172515482,
2023-11-20,892.4905,2.66,3576.3233,4995.5161,,0.8837941423976358,
2023-11-21,888.7903,2.668,3581.0674,5014.0273,,0.8801299968569273,
2023-11-22,882.5171,2.69,3544.4162,4998.8014,,0.8739179224269038,
2023-11-23,873.8001,2.699,3561.5204,5037.9512,,0.8652858601928742,
2023-11-24,862.3942,2.707,3538.0087,5041.0734,,0.8539910983900615,
2023-11-27,851.0071,2.7065,3511.9424,5027.7528,,0.8427149534015198,
2023-11-28,847.265,2.685,3518.5232,5027.3766,,0.8390093161311329,
2023-11-29,846.0311,2.689,3488.3073,4992.1274,,0.837787439156191,
2023-11-30,849.2582,2.6835,3496.2028,5008.6145,,0.8409830945462835,
2023-12-01,850.3231,2.675,3482.8813,5023.6238,,0.8420376182440027,
2023-12-04,849.7716,2.6915,3460.138,5024.1428,,0.8414914920168526,
2023-12-05,846.3485,2.683,3394.2571,4959.3167,,0.8381017464354247,
2023-12-06,847.9421,2.6895,3399.598,4957.1893,,0.83967981852171,
2023-12-07,845.8452,2.679,3391.2823,4964.688,,0.8376033505512459,
2023-12-08,843.3469,2.6725,3399.4618,4963.7549,,0.8351293937909756,
2023-12-11,836.9104,2.66,3419.4548,5039.6988,,0.8287556105433753,
2023-12-12,829.6937,2.6495,3426.803,5078.0651,,0.8216092295035312,
2023-12-13,823.2644,2.646,3369.605,5036.1163,,0.8152425760996943,
2023-12-14,821.5743,2.653,3351.9639,5031.5238,,0.8135689443018586,
2023-12-15,822.511,2.632,3341.5517,5001.821,,0.8144965171703472,
2023-12-18,821.5682,2.6275,3329.3657,4990.6419,,0.8135629037397814,
2023-12-19,819.784,2.6325,3334.0412,4981.9427,,0.8117960888449831,
2023-12-20,828.9003,2.6385,3297.5022,4959.6461,,0.8208235603310545,
2023-12-21,849.2262,2.61,3330.8698,4954.7063,,0.8409514063517798,
2023-12-22,856.094,2.61,3337.2281,4943.319,,0.8477522870459255,
2023-12-25,856.6724,2.5675,3347.4508,4951.0593,,0.8483250511615803,
2023-12-26,854.1764,2.58,3324.7902,4921.8706,,0.8458533719902899,
2023-12-27,848.8015,2.56,3336.3572,4950.1365,,0.8405308445953508,
2023-12-28,851.8063,2.57,3414.5403,4943.7964,,0.8435063660592502,
2023-12-29,861.7694,2.555,3431.1099,4969.6698,,0.8533723863923763,
2024-01-02,849.64,2.5675,3386.3522,5020.9933,,0.841361174316956,
2024-01-03,845.4652,2.55,3378.2971,5074.1832,,0.8372270532415141,
2024-01-04,838.834,2.53,3347.0519,5096.1593,,0.8306604671354803,
2024-01-05,831.1801,2.52,3329.1114,5099.2457,,0.8230811461382291,
2024-01-08,822.2506,2.514,3286.0564,5046.0217,,0.8142386544875732,
2024-01-09,806.9133,2.4865,3292.4994,5074.4042,,0.7990507999387626,
2024-01-10,795.8755,2.5025,3277.129,5046.523,,0.7881205513983506,
2024-01-11,798.8768,2.505,3295.6717,5020.5794,,0.7910926069659762,
2024-01-12,796.0235,2.5215,3284.1667,5032.4176,,0.7882671092979303,
2024-01-15,800.5779,2.5205,3280.9195,5057.5149,,0.7927771315806725,
2024-01-16,810.2634,2.525,3300.8762,5075.1494,,0.8023682568264788,
2024-01-17,821.9152,2.506,3229.082,5004.1065,,0.813906522598931,
2024-01-18,813.2402,2.5075,3274.7286,4971.3035,,0.8053160511201876,
2024-01-19,817.1041,2.504,3269.7763,4942.0795,,0.8091423015809043,
2024-01-22,807.685,2.4935,3218.9016,4778.6825,,0.7998149805543414,
2024-01-23,800.4802,2.5035,3231.9329,4835.9292,,0.7926803835618284,
2024-01-24,799.2913,2.5045,3277.1089,4943.458,,0.7915030681104073,
2024-01-25,807.5713,2.499,3342.9189,5085.8927,,0.7997023884382454,
2024-01-26,808.7035,2.4995,3333.8213,5152.4047,,0.8008235563700302,
2024-01-29,810.2369,2.488,3303.9604,5166.2084,,0.8023420150404055,
2024-01-30,810.6616,2.446,3245.0387,5098.2721,,0.8027625767968346,
2024-01-31,807.806,2.433,3215.3518,5079.3378,,0.7999348015398087,
2024-02-01,808.4074,2.435,3217.7109,5028.7856,,0.800530341545263,
2024-02-02,808.1838,2.42,3179.6276,5024.7982,,0.8003089202861682,
2024-02-05,803.0047,2.395,3200.4218,5020.678,,0.7951802850313485,
2024-02-06,804.9018,2.457,3311.6922,5139.1514,,0.7970588998373801,
2024-02-07,811.5849,2.4225,3343.6303,5240.3177,,0.8036768802338747,
2024-02-08,829.5841,2.4375,3364.9297,5244.2155,,0.821500697437356,
2024-02-19,861.3709,2.435,3403.8078,5348.8828,,0.8529777693451972,
2024-02-20,868.5477,2.4075,3410.8542,5410.1912,,0.8600846391675194,
2024-02-21,874.5755,2.409,3456.8713,5411.4537,,0.8660537047559426,
2024-02-22,882.4217,2.401,3486.6747,5490.3956,,0.8738234519970396,
2024-02-23,899.3786,2.399,3489.7416,5470.9763,,0.8906151252901698,
2024-02-26,925.4439,2.375,3453.3585,5374.6779,,0.9164264470463533,
2024-02-27,914.0039,2.375,3494.7874,5402.8901,,0.9050979175112727,
2024-02-28,900.7458,2.355,3450.2598,5352.3587,,0.8919690034003414,
2024-02-29,907.1511,2.351,3516.0826,5414.0184,,0.8983118906583005,
2024-03-01,926.8587,2.375,3537.8038,5414.2425,,0.9178274613458491,
2024-03-04,942.6808,2.36,3540.8686,5439.7557,,0.9334953920413911,
2024-03-05,946.2328,2.325,3565.5143,5469.1493,,0.9370127816313043,
2024-03-06,936.971,2.2675,3551.0481,5467.6202,,0.9278412278858489,
2024-03-07,928.4948,2.3,3529.7195,5493.8044,,0.9194476193154598,
2024-03-08,926.1584,2.294,3544.9099,5524.1934,,0.9171339850142568,
2024-03-11,929.4128,2.308,3589.2635,5482.4938,,0.9203566743952852,
2024-03-12,927.1876,2.3525,3597.4939,5379.1772,,0.9181531565699826,
2024-03-13,921.1158,2.33,3572.361,5356.5324,,0.9121405197141171,
2024-03-14,918.2028,2.35,3562.2229,5370.8322,,0.9092559037582001,
2024-03-15,919.8511,2.3425,3569.993,5370.6004,,0.9108881428519653,
2024-03-18,918.9627,2.315,3603.528,5357.7926,,0.9100083993520557,
2024-03-19,917.3214,2.315,3577.6303,5338.3232,,0.9083830920508382,
2024-03-20,911.9494,2.33,3585.3838,5359.2121,,0.9030634363985258,
2024-03-21,905.3407,2.314,3581.0902,5365.8258,,0.8965191310542524,
2024-03-22,894.1991,2.335,3545.0023,5347.7352,,0.8854860939329189,
2024-03-25,890.7918,2.347,3525.7634,5352.3645,,0.8821119943975272,
2024-03-26,897.3774,2.319,3543.7467,5348.7607,,0.8886334248263933,
2024-03-27,913.9729,2.2925,3502.7866,5330.6982,,0.9050672195728471,
2024-03-28,911.0737,2.303,3520.9648,5325.6544,,0.90219626915081,
2024-03-29,908.2167,2.2925,3537.4843,5380.7251,,0.8993671075352744,
2024-04-01,909.585,2.305,3595.6466,5396.8299,,0.9007220749271321,
2024-04-02,908.8881,2.293,3580.6759,5416.8936,,0.9000319654662057,
2024-04-03,915.923,2.2885,3567.8031,5470.4836,,0.9069983179510255,
2024-04-08,919.8224,2.2875,3536.4077,5461.6517,,0.9108597225025198,
2024-04-09,921.3423,2.2925,3533.4871,5441.7507,,0.9123648127158387,
2024-04-10,924.3226,2.299,3504.7086,5454.4099,,0.9153160729058213,
2024-04-11,928.8156,2.29,3504.2447,5502.4367,,0.9197652934653596,
2024-04-12,926.0902,2.2775,3475.8389,5483.8509,,0.9170664495497207,
2024-04-15,921.1183,2.279,3549.0759,5585.2625,,0.9121429953543126,
2024-04-16,916.1395,2.268,3511.1146,5566.742,,0.9072127083919648,
2024-04-17,921.3564,2.26,3565.403,5669.0568,,0.9123787753265419,
2024-04-18,922.6374,2.2545,3569.8018,5693.4158,,0.9136472933627691,
2024-04-19,921.2313,2.254,3541.6619,5710.2691,,0.9122548942911539,
2024-04-22,926.4985,2.243,3530.9045,5594.3976,,0.9174707711064667,
2024-04-23,930.3335,2.22,3506.2249,5501.328,,0.921268403166522,
2024-04-24,933.1792,2.265,3521.6219,5509.2218,,0.9240863748883734,
2024-04-25,942.9375,2.256,3530.2813,5536.7855,,0.9337495907766757,
2024-04-26,949.3062,2.3025,3584.2686,5502.1408,,0.9400562346621711,
2024-04-29,945.2106,2.35,3623.9124,5495.3081,,0.9360005418681261,
2024-04-30,942.9346,2.3025,3604.3943,5499.6595,,0.9337467190340488,
2024-05-06,945.405,2.305,3657.8767,5554.3174,,0.9361930476497361,
2024-05-07,949.7523,2.286,3659.0076,5556.497,,0.9404979878986747,
2024-05-08,947.3082,2.298,3630.2233,5563.1492,,0.9380777030178451,
2024-05-09,948.8781,2.314,3664.561,5602.7265,,0.9396323060350761,
2024-05-10,948.8046,2.32,3666.2771,5628.2981,,0.9395595222133254,
2024-05-13,944.8567,2.292,3664.6907,5644.1629,,0.9356500902420365,
2024-05-14,943.0968,2.2885,3657.0454,5627.962,,0.9339073385699396,
2024-05-15,939.6339,2.298,3626.0559,5621.3279,,0.9304781807965977,
2024-05-16,940.9242,2.31,3640.3592,5633.5526,,0.9317559082143525,
2024-05-17,942.0838,2.306,3677.9696,5689.0775,,0.9329042091626811,
2024-05-20,938.9419,2.3085,3690.9623,5742.413,,0.9297929235904547,
2024-05-21,936.1355,2.31,3676.1611,5757.0172,,0.9270138689324782,
2024-05-22,933.1968,2.309,3684.451,5754.615,,0.9241038033953505,
2024-05-23,931.3991,2.304,3641.7917,5675.4423,,0.922323620043496,
2024-05-24,937.6735,2.3105,3601.4754,5650.8707,,0.9285368827808134,
2024-05-27,938.9352,2.31,3635.7079,5732.4452,,0.9297862888747305,
2024-05-28,937.2869,2.298,3609.1724,5705.0825,,0.9281540497809653,
2024-05-29,936.6616,2.294,3613.5223,5716.2082,,0.927534842655241,
2024-05-30,933.6742,2.307,3594.3121,5664.7676,,0.924576551647103,
2024-05-31,933.481,2.316,3579.9247,5669.4873,,0.9243852341727866,
2024-06-03,932.7918,2.309,3588.7483,5634.7944,,0.9237027496836627,
2024-06-04,933.4105,2.3075,3615.6714,5663.5283,,0.9243154211192706,
2024-06-05,936.4559,2.3055,3594.7936,5591.3914,,0.9273311469799468,
2024-06-06,938.1931,2.3055,3592.2454,5596.0987,,0.9290514198390676,
2024-06-07,937.9199,2.307,3574.1143,5629.323,,0.9287808818784921,
2024-06-11,935.132,2.304,3542.8771,5535.7516,,0.926020146957963,
2024-06-12,933.2771,2.305,3544.1225,5597.6489,,0.9241833209584333,
2024-06-13,936.2402,2.299,3526.1306,5528.935,,0.9271175487438701,
2024-06-14,937.2306,2.295,3541.5331,5514.7118,,0.9280982983637602,
2024-06-17,933.9588,2.288,3536.1986,5442.6937,,0.9248583785269704,
2024-06-18,933.4181,2.2829,3545.5902,5460.8694,,0.9243229470654653,
2024-06-19,933.2744,2.26,3528.749,5438.202,,0.924180647267022,
2024-06-20,930.7985,2.2725,3503.2817,5421.5287,,0.9217288722429043,
2024-06-21,933.6065,2.2825,3495.6198,5417.796,,0.9245095113106059,
2024-06-24,935.5481,2.266,3476.8102,5347.6185,,0.9264321925121193,
2024-06-25,932.9997,2.2575,3457.9023,5360.9035,,0.9239086239223291,
2024-06-26,933.2069,2.255,3480.2648,5368.9598,,0.9241138049817407,
2024-06-27,939.0977,2.2305,3454.1175,5334.2483,,0.9299472054874447,
2024-06-28,936.2769,2.233,3461.657,5354.8331,,0.9271538911419415,
2024-07-01,931.6933,2.2725,3478.1827,5471.4649,,0.9226149533817146,
2024-07-02,934.1385,2.255,3471.7857,5464.4834,,0.9250363275442304,
2024-07-03,934.6476,2.2575,3463.4141,5419.5076,,0.925540466913663,
2024-07-04,933.1179,2.2605,3445.8128,5384.2881,,0.9240256721907771,
2024-07-05,931.8423,2.28,3431.0605,5365.1284,,0.9227625015373726,
2024-07-08,929.5209,2.293,3401.7604,5326.1849,,0.9204637210773432,
2024-07-09,927.432,2.275,3439.8111,5382.263,,0.918395175155505,
2024-07-10,928.6157,2.28,3428.9657,5273.2027,,0.9195673412753191,
2024-07-11,927.6136,2.272,3468.169,5283.2287,,0.9185750056593135,
2024-07-12,929.501,2.269,3472.4014,5254.1366,,0.9204440149813862,
2024-07-15,934.4107,2.261,3476.2467,5300.0384,,0.9253058752487276,
2024-07-16,934.6858,2.2625,3498.2827,5263.4867,,0.9255782946958517,
2024-07-17,934.69,2.2605,3501.5836,5227.974,,0.9255824537713805,
2024-07-18,933.5255,2.2655,3520.931,5235.4347,,0.9244293005682683,
2024-07-19,935.2298,2.2605,3539.0156,5199.048,,0.926116994002415,
2024-07-22,933.4258,2.241,3514.9249,5151.023,,0.9243305720372677,
2024-07-23,931.7228,2.2225,3439.8779,5087.1029,,0.9226441659360227,
2024-07-24,930.601,2.2265,3418.1663,5075.7172,,0.9215332966674517,
2024-07-25,929.6207,2.199,3399.2716,5063.5377,,0.9205625486339517,
2024-07-26,934.8307,2.184,3409.2931,5062.3531,,0.9257217828015889,
2024-07-29,935.1923,2.15,3390.742,5067.1545,,0.926079859399481,
2024-07-30,938.586,2.136,3369.3821,5035.2247,,0.9294404914522086,
2024-07-31,940.1309,2.145,3442.0844,5114.863,,0.9309703380674836,
2024-08-01,941.3751,2.1175,3419.2666,5105.844,,0.9322024146800314,
2024-08-02,944.7165,2.1175,3384.3919,5092.7985,,0.935511256339867,
2024-08-05,952.6181,2.145,3343.3205,5034.1085,,0.9433358637676986,
2024-08-06,959.8085,2.145,3342.9789,5018.3054,,0.950456201072685,
2024-08-07,972.536,2.14,3341.489,5031.8537,,0.9630596853085014,
2024-08-08,968.7806,2.175,3342.9369,5055.4244,,0.959340877632274,
2024-08-09,970.3625,2.2,3331.6274,5034.2404,,0.9609073637224439,
2024-08-12,970.0728,2.2425,3325.8645,5062.3355,,0.9606204865365775,
2024-08-13,968.6166,2.2075,3334.3903,5070.0426,,0.9591784756354423,
2024-08-14,972.2561,2.19,3309.2389,5047.3326,,0.9627825126322016,
2024-08-15,972.4478,2.199,3341.953,5092.5403,,0.9629723447224006,
2024-08-16,969.62,2.183,3345.634,5092.8593,,0.9601720985843497,
2024-08-19,966.4963,2.169,3356.9677,5135.8034,,0.9570788356727473,
2024-08-20,963.3732,2.163,3332.7034,5076.7441,,0.9539861669147919,
2024-08-21,960.3616,2.151,3321.635,5036.835,,0.9510039117095602,
2024-08-22,960.1939,2.15,3313.1357,5028.8785,,0.9508378457652392,
2024-08-23,959.8645,2.1475,3327.1905,5034.1147,,0.9505116554130666,
2024-08-26,956.57,2.16,3324.2231,5028.4443,,0.9472492567633005,
2024-08-27,955.0116,2.185,3305.3338,5027.4893,,0.9457060416909693,
2024-08-28,957.7586,2.1625,3286.4956,5001.4171,,0.9484262751378981,
2024-08-29,953.6518,2.17,3277.6812,4928.9106,,0.9443594914757767,
2024-08-30,954.3204,2.165,3321.4323,4946.0986,,0.9450215766896888,
2024-09-02,955.2591,2.1425,3265.011,4964.3011,,0.9459511300703339,
2024-09-03,950.592,2.1375,3273.4282,4928.7821,,0.9413295059275739,
2024-09-04,947.5055,2.115,3252.1649,4922.3766,,0.938273080542082,
2024-09-05,951.7881,2.135,3257.7578,4922.9052,,0.9425139512227583,
2024-09-06,951.2167,2.1325,3231.3457,4875.41,,0.9419481188996512,
2024-09-09,948.2267,2.12,3192.9516,4793.0864,,0.9389872532257098,
2024-09-10,944.6616,2.113,3195.7552,4797.0928,,0.9354568912811716,
2024-09-11,942.68,2.1025,3186.1299,4703.9782,,0.9334945998365285,
2024-09-12,940.0985,2.0925,3172.4747,4717.8606,,0.9309382537705485,
2024-09-13,940.4817,2.067,3159.247,4696.5703,,0.9313177198997307,
2024-09-18,937.3314,2.036,3171.0102,4750.4738,,0.9281981161764471,
2024-09-19,934.4603,2.0425,3196.0357,4765.3502,,0.9253549919502083,
2024-09-20,935.9533,2.035,3201.0497,4759.7892,,0.9268334442750227,
2024-09-23,933.2213,2.0345,3212.7639,4810.4077,,0.9241280646692674,
2024-09-24,938.921,2.0601,3351.909,5025.9754,,0.9297722272384195,
2024-09-25,945.1278,2.0275,3401.533,5093.9793,,0.9359185486648477,
2024-09-26,947.4094,2.095,3545.3204,5279.0662,,0.938177916932963,
2024-09-27,945.0327,2.1775,3703.6849,5355.8896,,0.9358243753118068,
2024-09-30,942.2052,2.1575,4017.8545,5699.2907,,0.9330244262505796,
2024-10-08,946.8484,2.19,4256.0962,5753.6297,,0.9376223832730697,
2024-10-09,939.6226,2.1725,3955.9839,5313.8236,,0.9304669909029136,
2024-10-10,939.2542,2.1275,3997.7879,5478.7381,,0.9301021805636894,
2024-10-11,944.5258,2.131,3887.167,5382.6171,,0.9353224145057464,
2024-10-14,942.6655,2.131,3961.3424,5524.007,,0.933480241123394,
2024-10-15,940.3685,2.105,3855.9949,5400.9686,,0.9312056229116737,
2024-10-16,939.0783,2.1225,3831.589,5474.8487,,0.9299279945195268,
2024-10-17,938.3694,2.095,3788.2217,5383.4212,,0.9292260019856615,
2024-10-18,939.3501,2.1125,3925.234,5430.0753,,0.9301971461215928,
2024-10-21,937.166,2.1125,3935.1974,5394.9871,,0.928034327821106,
2024-10-22,937.4119,2.1375,3957.7755,5429.9226,,0.9282778317907454,
2024-10-23,935.9012,2.14,3973.2089,5439.0771,,0.9267818519333463,
2024-10-24,932.8555,2.146,3928.8334,5411.0452,,0.9237658289958467,
2024-10-25,933.7128,2.135,3956.421,5416.0412,,0.924614775531723,
2024-10-28,934.6272,2.1435,3964.1569,5469.8608,,0.9255202656896668,
2024-10-29,934.4251,2.1425,3924.649,5386.3328,,0.9253201349362543,
2024-10-30,933.879,2.14,3889.4487,5339.5949,,0.9247793560919267,
2024-10-31,932.6897,2.128,3891.0396,5319.4112,,0.9236016445380743,
2024-11-01,931.2119,2.1225,3890.0203,5360.4175,,0.9221382441056493,
2024-11-04,931.6772,2.121,3944.7619,5406.5488,,0.9225990102588549,
2024-11-05,931.5399,2.115,4044.5725,5475.9018,,0.9224630480993125,
2024-11-06,931.2433,2.125,4024.2831,5455.843,,0.922169338146506,
2024-11-07,931.7355,2.113,4145.6952,5564.8524,,0.9226567421882165,
2024-11-08,932.6601,2.112,4104.047,5489.2792,,0.9235723329581584,
2024-11-11,937.9522,2.1,4131.1312,5449.7675,,0.9288128671498191,
2024-11-12,941.1064,2.0725,4085.743,5421.2598,,0.931936332871808,
2024-11-13,940.2353,2.085,4110.8901,5443.0658,,0.9310737208020521,
2024-11-14,937.9843,2.085,4039.6191,5372.7974,,0.9288446543699308,
2024-11-15,936.3335,2.0975,3968.8308,5356.6248,,0.92720993963597,
2024-11-18,934.3083,2.11,3950.3806,5444.9964,,0.9252044730263157,
2024-11-19,932.7558,2.093,3976.8912,5449.5065,,0.923667100464846,
2024-11-20,932.5592,2.1,3985.7727,5465.7674,,0.9234724161198639,
2024-11-21,932.5387,2.085,3989.2979,5461.1526,,0.9234521158702598,
2024-11-22,930.9296,2.078,3865.6989,5312.3291,,0.9218586948147618,
2024-11-25,929.7733,2.06,3848.0909,5320.6061,,0.9207136617114913,
2024-11-26,928.672,2.06,3840.1847,5322.6275,,0.9196230926925242,
2024-11-27,927.8974,2.0635,3907.0447,5380.4305,,0.9188560403343183,
2024-11-28,927.9874,2.035,3872.5505,5358.4271,,0.9189451633813601,
2024-11-29,928.8024,2.025,3916.5832,5392.2418,,0.9197522220851269,
2024-12-02,930.1263,1.98,3947.632,5420.6133,,0.9210632221071104,
2024-12-03,930.7183,1.987,3951.8912,5475.9073,,0.9216494537054294,
2024-12-04,930.0507,1.9525,3930.5568,5483.936,,0.9209883587475954,
2024-12-05,928.0552,1.9525,3921.5881,5474.808,,0.9190123027434649,
2024-12-06,927.4252,1.955,3973.1405,5549.6856,,0.9183884414141729,
2024-12-09,927.0862,1.905,3966.5708,5558.7796,,0.918052744603649,
2024-12-10,934.5815,1.8415,3995.6369,5559.8859,,0.9254750109868912,
2024-12-11,946.5949,1.825,3988.8308,5587.8027,,0.9373713533572355,
2024-12-12,951.6416,1.808,4028.5048,5609.6793,,0.942368878707296,
2024-12-13,951.4314,1.77,3933.1808,5511.5625,,0.9421607268796497,
2024-12-16,957.9901,1.7125,3911.8416,5557.6935,,0.948655519420011,
2024-12-17,956.021,1.72,3922.0334,5537.6366,,0.946705606176346,
2024-12-18,950.4951,1.76,3941.89,5571.9799,,0.9412335501135923,
2024-12-19,947.5481,1.735,3945.4635,5518.3695,,0.9383152654510151,
2024-12-20,950.7902,1.695,3927.7441,5472.4159,,0.9415257746822814,
2024-12-23,953.6333,1.6925,3933.5718,5475.1306,,0.9443411717383292,
2024-12-24,953.8786,1.7275,3983.6882,5537.9309,,0.9445840815543218,
2024-12-25,955.7449,1.74,3985.6291,5559.4571,,0.9464321964731436,
2024-12-26,956.7039,1.7,3987.4801,5533.8031,,0.947381852052177,
2024-12-27,963.7421,1.69,3981.0307,5545.5551,,0.9543514723820551,
2024-12-30,968.6064,1.6875,3999.0549,5612.2925,,0.9591683750234443,
2024-12-31,967.8787,1.664,3934.9109,5581.4952,,0.9584477656753081,
2025-01-02,974.705,1.6125,3820.3952,5470.1941,,0.9652075507422069,
2025-01-03,987.731,1.6,3775.1648,5424.4086,,0.9781066264173783,
2025-01-06,991.5464,1.59,3768.9697,5444.2594,,0.9818848494583002,
2025-01-07,982.4627,1.6075,3796.1055,5428.6272,,0.9728896603203796,
2025-01-08,992.3936,1.6,3789.2153,5416.2977,,0.9827237944077862,
2025-01-09,1002.2123,1.625,3779.8773,5336.2342,,0.9924468217632144,
2025-01-10,1005.8119,1.6175,3732.4806,5255.7158,,0.9960113475424518,
2025-01-13,1000.8491,1.645,3722.513,5214.9822,,0.9910969046773558,
2025-01-14,991.518,1.61,3820.5395,5310.8584,,0.9818567261856782,
2025-01-15,999.9587,1.6175,3796.026,5312.6242,,0.9902151806652897,
2025-01-16,997.9661,1.625,3800.3836,5355.6674,,0.9882419964037861,
2025-01-17,997.684,1.64,3812.3429,5340.4342,,0.9879626451641141,
2025-01-20,1000.6774,1.6475,3829.6764,5328.874,,0.9909268777087218,
2025-01-21,1001.9729,1.6175,3832.6145,5295.8678,,0.9922097544580833,
2025-01-22,1013.8927,1.63,3797.0166,5242.8423,,1.0040134088595043,
2025-01-23,1017.8088,1.6375,3803.7439,5296.1683,,1.0078913506875051,
2025-01-24,1020.2868,1.635,3832.8637,5330.3763,,1.010345205249387,
2025-01-27,1027.9697,1.615,3817.0802,5397.8404,,1.0179532436729075,
2025-02-05,1031.5493,1.601,3795.0848,5291.4642,,1.02149796433058,
2025-02-06,1031.6747,1.595,3842.8314,5295.7993,,1.0216221424427916,
2025-02-07,1032.8236,1.605,3892.7028,5331.4266,,1.0227598476510829,
2025-02-10,1046.6751,1.627,3901.0618,5325.3482,,1.0364763797188425,
2025-02-11,1062.6961,1.615,3883.1352,5345.533,,1.0523412723483467,
2025-02-12,1053.6098,1.6225,3919.8617,5346.7393,,1.0433435085446225,
2025-02-13,1041.3287,1.623,3905.1398,5348.7055,,1.0311820746221332,
2025-02-14,1051.1116,1.644,3939.0085,5359.117,,1.0408696508099602,
2025-02-17,1057.7005,1.6725,3947.3983,5336.5732,,1.0473943490838844,
2025-02-18,1055.3423,1.67,3912.7829,5318.6352,,1.0450591272001757,
2025-02-19,1054.5571,1.6575,3940.1602,5303.698,,1.0442815781275407,
2025-02-20,1059.0683,1.695,3928.8959,5291.0318,,1.0487488213477028,
2025-02-21,1064.0774,1.7275,3978.444,5257.0009,,1.0537091130692213,
2025-02-24,1053.4405,1.755,3969.7169,5261.4535,,1.0431758581905763,
2025-02-25,1045.8765,1.7175,3925.6505,5226.6236,,1.035685561214759,
2025-02-26,1045.5947,1.7175,3959.9413,5292.164,,1.0354065070519107,
2025-02-27,1039.4982,1.755,3968.1159,5350.6692,,1.0293694108709124,
2025-02-28,1033.1737,1.7275,3890.0487,5311.6501,,1.0231065363040752,
2025-03-03,1043.9886,1.71,3888.4738,5305.0725,,1.0338160567646473,
2025-03-04,1052.2627,1.714,3885.2208,5305.5876,,1.0420095345816238,
2025-03-05,1051.1886,1.709,3902.5706,5330.7352,,1.0409459005279846,
2025-03-06,1047.0696,1.742,3956.2369,5329.4738,,1.036867035741709,
2025-03-07,1045.4849,1.7875,3944.0143,5336.689,,1.0352977769345197,
2025-03-10,1048.3252,1.8075,3928.8018,5352.3357,,1.0381104012735485,
2025-03-11,1044.7726,1.865,3941.4157,5386.4321,,1.0345924175299885,
2025-03-12,1043.1981,1.81,3927.2315,5364.7665,,1.0330332593347975,
2025-03-13,1044.0434,1.84,3911.5793,5402.2814,,1.0338703227977348,
2025-03-14,1046.7775,1.845,4006.5567,5443.3782,,1.0365777819412545,
2025-03-17,1046.5084,1.8925,3996.7876,5463.4737,,1.0363113040305996,
2025-03-18,1049.7823,1.885,4007.7229,5454.0976,,1.039553303405154,
2025-03-19,1055.7798,1.86,4010.168,5462.3245,,1.0454923642344063,
2025-03-20,1058.7908,1.82,3974.9918,5447.2799,,1.048474025285991,
2025-03-21,1057.9947,1.8325,3914.6956,5424.09,,1.047685682422103,
2025-03-24,1058.0807,1.8,3934.8486,5454.4541,,1.0477708444448317,
2025-03-25,1061.7069,1.806,3932.2951,5489.0255,,1.0513617110357503,
2025-03-26,1060.3489,1.7775,3919.3566,5481.3787,,1.0500169432814987,
2025-03-27,1064.8985,1.79,3932.4117,5476.233,,1.0545222123350655,
2025-03-28,1071.3674,1.7975,3915.1662,5436.4717,,1.0609280798796008,
2025-03-31,1066.5512,1.8075,3887.3056,5407.9902,,1.056158808555575,
2025-04-01,1062.5342,1.827,3887.6841,5460.5135,,1.0521809498892796,
2025-04-02,1069.802,1.808,3884.3858,5480.3406,,1.0593779330147217,
2025-04-03,1078.0854,1.715,3861.5034,5487.7522,,1.0675806202132259,
2025-04-07,1068.2658,1.64,3589.4406,5121.6285,,1.0578567016273273,
2025-04-08,1063.3263,1.663,3650.759,5252.4983,,1.0529653317288543,
2025-04-09,1058.1225,1.63,3686.7943,5268.1457,,1.0478122371489023,
2025-04-10,1061.9283,1.65,3735.1151,5317.9582,,1.051580953731473,
2025-04-11,1065.3867,1.655,3750.5167,5294.0132,,1.055005655352463,
2025-04-14,1068.2561,1.66,3759.1422,5341.428,,1.0578470961433686,
2025-04-15,1071.2646,1.655,3761.2348,5367.0496,,1.0608262815547576,
2025-04-16,1075.3696,1.6425,3772.8204,5391.4484,,1.0648912827559383,
2025-04-17,1079.1535,1.65,3772.2221,5380.304,,1.0686383127303953,
2025-04-18,1074.335,1.6475,3772.523,5382.3435,,1.0638667638173898,
2025-04-21,1070.9706,1.663,3784.8806,5375.0356,,1.0605351462677546,
2025-04-22,1066.9952,1.648,3783.9522,5395.8835,,1.0565984822543142,
2025-04-23,1063.9149,1.6575,3786.8824,5371.8464,,1.0535481964565072,
2025-04-24,1061.3118,1.6575,3784.3574,5400.7061,,1.0509704608592372,
2025-04-25,1058.9395,1.6575,3786.9937,5392.2779,,1.0486212763648253,
2025-04-28,1051.7925,1.641,3781.6188,5391.3773,,1.0415439161736346,
2025-04-29,1054.2442,1.626,3775.0767,5377.2308,,1.043971727000659,
2025-04-30,1057.9166,1.621,3770.5705,5341.7697,,1.0476083434223924,
2025-05-06,1061.1417,1.621,3808.5424,5355.2618,,1.0508020183003284,
2025-05-07,1063.0872,1.636,3831.627,5391.5036,,1.0527285615005468,
2025-05-08,1061.6854,1.626,3852.8963,5394.128,,1.0513404205300683,
2025-05-09,1062.0504,1.625,3846.1566,5421.8433,,1.0517018639986264,
2025-05-12,1068.4534,1.6775,3890.6096,5440.6068,,1.0580424736676057,
2025-05-13,1068.3305,1.662,3896.2583,5478.6417,,1.0579207711955898,
2025-05-14,1073.2382,1.669,3943.2108,5509.5627,,1.0627806509507747,
2025-05-15,1072.3581,1.67,3907.1992,5486.9433,,1.0619091265763143,
2025-05-16,1076.7841,1.679,3889.0854,5456.4608,,1.0662919999786107,
2025-05-19,1078.2415,1.655,3877.1453,5470.9617,,1.0677351991870394,
2025-05-20,1083.9531,1.666,3898.1705,5486.8581,,1.0733911458035226,
2025-05-21,1093.1129,1.674,3916.3807,5528.7956,,1.0824616934289975,
2025-05-22,1090.951,1.686,3913.8651,5519.0537,,1.0803208588134474,
2025-05-23,1089.7187,1.689,3882.2741,5464.7734,,1.0791005662482307,
2025-05-26,1091.2285,1.69,3860.1067,5427.8603,,1.0805956548751594,
2025-05-27,1088.2524,1.6975,3839.3969,5413.7524,,1.0776485537607055,
2025-05-28,1089.4567,1.705,3836.2366,5431.0191,,1.0788411191557314,
2025-05-29,1089.6451,1.6875,3858.6998,5440.6604,,1.079027683400872,
2025-05-30,1090.0666,1.675,3840.2323,5445.7952,,1.079445076337851,
2025-06-03,1090.7572,1.676,3852.0127,5465.689,,1.0801289471854842,
2025-06-04,1096.1035,1.671,3868.7429,5480.8722,,1.085423153256586,
2025-06-05,1107.3473,1.6675,3877.5557,5449.4941,,1.0965573945491156,
2025-06-06,1107.2597,1.6525,3873.9841,5448.3034,,1.0964706481166617,
2025-06-09,1104.7323,1.656,3885.2459,5458.8793,,1.0939678749045145,
2025-06-10,1107.0555,1.6575,3865.4652,5454.5726,,1.0962684378254848,
2025-06-11,1108.8975,1.643,3894.6252,5471.4803,1.0,1.0980924895216053,1.0730765103551885
2025-06-12,1110.2066,1.646,3892.1992,5471.5999,1.0001,1.099388833753631,1.0731838180062239
2025-06-13,1114.8594,1.642,3864.1822,5416.3064,1.0001,1.1039962972344723,1.0731838180062239
2025-06-14,,,,,1.0001,,1.0731838180062239
2025-06-15,,,,,1.0002,,1.0732911256572595
2025-06-16,1117.8739,1.64,3873.7951,5428.601,1.0002,1.1069814241823308,1.0732911256572595
2025-06-17,1116.0737,1.6335,3870.3786,5426.0202,1.0002,1.1051987651902806,1.0732911256572595
2025-06-18,1120.3597,1.637,3874.9708,5419.9498,1.0003,1.1094430027416229,1.0733984333082949
2025-06-19,1120.6108,1.6405,3843.0912,5384.7423,1.0003,1.1096916560428693,1.0733984333082949
2025-06-20,1124.6311,1.638,3846.6443,5393.71,1.0003,1.113672782554223,1.0733984333082949
2025-06-21,,,,,1.0004,,1.0735057409593305
2025-06-22,,,,,1.0004,,1.0735057409593305
2025-06-23,1124.5642,1.64,3857.9016,5407.4346,1.0004,1.1136065344225887,1.0735057409593305
2025-06-24,1114.4138,1.646,3904.0342,5424.751,1.0005,1.103555039126008,1.0736130486103659
2025-06-25,1114.931,1.6535,3960.0662,5443.2012,1.0005,1.1040671995696745,1.0736130486103659
2025-06-26,1112.4345,1.643,3946.0195,5444.7023,1.0005,1.101595025270345,1.0736130486103659
2025-06-27,1109.1295,1.646,3921.7578,5416.1974,1.0006,1.0983222289317573,1.0737203562614015
2025-06-28,,,,,1.0006,,1.0737203562614015
2025-06-29,,,,,1.0006,,1.0737203562614015
2025-06-30,1105.4541,1.649,3936.0791,5410.2588,1.0007,1.0946826417417892,1.073827663912437
2025-07-01,1104.7293,1.642,3942.762,5454.3266,1.0007,1.0939649041362798,1.073827663912437
2025-07-02,1115.8416,1.64,3943.6849,5493.4691,1.0007,1.1049689267545209,1.073827663912437
2025-07-03,1116.9367,1.6395,3968.0676,5493.1321,0.9984,1.106053356185803,1.07135958793862
2025-07-04,1116.4187,1.641,3982.2034,5520.9383,0.9971,1.105540403537274,1.0699645884751583
2025-07-05,,,,,0.9971,,1.0699645884751583
2025-07-06,,,,,0.9971,,1.0699645884751583
2025-07-07,1116.1517,1.64,3965.1746,5545.0804,0.996,1.1052760051643835,1.0687842043137676
2025-07-08,1108.9289,1.643,3998.4527,5542.3522,0.9903,1.0981235835624623,1.062667668204743
2025-07-09,1105.3466,1.645,3991.4006,5560.319,0.9866,1.0945761892133783,1.058697285116429
2025-07-10,1105.6712,1.6595,4010.0243,5594.9169,0.9864,1.0948976263363754,1.058482669814358
2025-07-11,1103.8746,1.666,4014.807,5553.971,0.9853,1.0931185322662071,1.057302285652967
2025-07-12,,,,,0.9853,,1.057302285652967
2025-07-13,,,,,0.9853,,1.057302285652967
2025-07-14,1101.6882,1.6661,4017.6678,5581.2078,0.9835,1.0909534363767401,1.0553707479343277
2025-07-15,1104.3688,1.655,4019.0644,5516.3349,0.9892,1.0936079168200739,1.0614872840433522
2025-07-16,1106.4757,1.659,4007.2019,5492.5995,0.9938,1.0956942873513205,1.0664234359909863
2025-07-17,1105.2542,1.662,4034.491,5487.8946,0.9928,1.0944846895517488,1.065350359480631
2025-07-18,1104.548,1.664,4058.5486,5506.7441,0.9907,1.0937853707092948,1.0630968988088851
2025-07-19,,,,,0.9907,,1.0630968988088851
2025-07-20,,,,,0.9907,,1.0630968988088851
2025-07-21,1099.507,1.677,4085.6072,5575.8675,0.9879,1.0887934898188802,1.0600922845798906
2025-07-22,1093.9539,1.692,4118.9582,5667.6115,0.9798,1.0832944987907984,1.0514003648460135
2025-07-23,1086.7969,1.706,4119.7685,5647.0878,0.9768,1.0762072360388253,1.048181135314948
2025-07-24,1087.2851,1.74,4149.0368,5670.7501,0.9746,1.0766906790562227,1.0458203669921666
2025-07-25,1087.3611,1.7325,4127.1634,5633.8343,0.9726,1.076765938518169,1.0436742139714563
2025-07-28,1091.8826,1.715,4135.8242,5572.5303,0.9792,1.081243381375937,1.0507565189398005
2025-07-29,1089.5753,1.7475,4152.0247,5570.4572,0.9763,1.0789585635266108,1.0476445970597703
2025-07-30,1092.9167,1.72,4151.2379,5581.4768,0.9851,1.0822674051864465,1.057087670350896
2025-07-31,1102.1547,1.7055,4075.5912,5484.7119,1.0111,1.0914153908372397,1.084987659620131
2025-08-01,1100.9028,1.695,4054.9286,5484.5934,1.0058,1.0901756892528895,1.0793003541152486
2025-08-04,1096.9241,1.708,4070.7023,5510.342,0.9983,1.0862357573943906,1.0712522802875846
2025-08-05,1093.9471,1.704,4103.45,5567.8825,0.9956,1.0832877650494663,1.0683549737096256
2025-08-06,1094.3008,1.697,4113.4852,5603.2021,0.9957,1.0836380186243402,1.068462281360661
2025-08-07,1097.1006,1.6875,4114.666,5612.6762,0.9956,1.0864105375922002,1.0683549737096256
2025-08-08,1097.3083,1.691,4104.9669,5615.6102,0.994,1.086616213779651,1.0666380512930573
2025-08-11,1093.6219,1.7175,4122.5106,5591.6955,0.9918,1.0829657337728222,1.0642772829702758
2025-08-12,1093.2626,1.7275,4143.8252,5623.0435,0.9902,1.0826099347639102,1.0625603605537075
2025-08-13,1091.2869,1.72,4176.5776,5593.7015,0.9896,1.0806534858301289,1.0619165146474945
2025-08-14,1087.2805,1.732,4173.3131,5540.1311,0.9883,1.0766861238782628,1.0605215151840326
2025-08-15,1080.9056,1.745,4202.3533,5553.4158,0.983,1.0703733404050821,1.05483420967915
2025-08-18,1062.5196,1.77,4239.4125,5542.7569,0.9634,1.0521664921505374,1.0338019100761886
2025-08-19,1054.0302,1.766,4223.3741,5537.4535,0.9546,1.0437598121999152,1.024358836785063
2025-08-20,1058.5992,1.78,4271.3958,5579.2691,0.9563,1.0482842922214,1.0261830668526666
2025-08-21,1060.237,1.761,4288.0707,5609.1951,0.9584,1.0499061336263436,1.0284365275244125
2025-08-22,1062.0619,1.785,4377.9977,5599.4007,0.9598,1.051713251943526,1.0299388346389098
2025-08-25,1064.3096,1.7635,4469.2217,5640.4806,0.9636,1.0539390505305892,1.0340165253782596
2025-08-26,1077.0418,1.761,4452.5905,5634.0366,0.9731,1.0665471889699734,1.0442107522266337
2025-08-27,1077.8687,1.765,4386.1266,5532.4293,0.9743,1.067366031721071,1.04549844403906
2025-08-28,1076.4111,1.79,4463.782,5544.1885,0.9729,1.0659226344614265,1.0439961369245627
2025-08-29,1073.3295,1.78,4496.7591,5538.0382,0.9713,1.0628710613307182,1.0422792145079944
2025-09-01,1070.3058,1.7685,4523.7111,5524.751,0.9713,1.0598768240269398,1.0422792145079944
2025-09-02,1075.5897,1.7675,4490.4528,5542.1747,0.9741,1.065109238118759,1.045283828736989
2025-09-03,1078.5371,1.7475,4459.8296,5495.4712,0.9771,1.0680279188837676,1.0485030582680546
2025-09-04,1083.0911,1.7535,4365.2085,5493.0759,0.9814,1.0725375450640786,1.053117287262582
2025-09-05,1078.4217,1.7675,4460.3249,5510.0368,0.9773,1.0679136433323386,1.0487176735701256
2025-09-08,1073.2134,1.784,4467.5733,5552.5865,0.9723,1.0627560926000343,1.0433522910183497
2025-09-09,1073.8203,1.795,4436.2584,5565.0272,0.9737,1.063357079013919,1.044854598132847
2025-09-10,1070.8369,1.815,4445.3649,5537.7853,0.9733,1.0604027490300938,1.044425367528705
2025-09-11,1069.6644,1.7975,4548.0345,5559.8135,0.9722,1.0592416737783557,1.043244983367314
2025-09-12,1070.0392,1.7895,4521.998,5529.9497,0.9725,1.0596128217564806,1.0435669063204207
2025-09-15,1071.9029,1.8,4533.0557,5511.138,0.9743,1.061458362009499,1.04549844403906
2025-09-16,1069.7372,1.78,4523.3367,5508.9665,0.9723,1.0593137644208517,1.0433522910183497
2025-09-17,1071.3154,1.763,4551.023,5522.2891,0.9737,1.0608765865635321,1.044854598132847
2025-09-18,1071.2021,1.7825,4498.109,5424.126,0.973,1.0607643905498674,1.0441034445755983
2025-09-19,1071.3354,1.795,4501.9195,5468.7315,0.9726,1.0608963916850969,1.0436742139714563
2025-09-22,1068.6375,1.7875,4522.608,5434.0415,0.9698,1.0582247798116098,1.0406695997424618
2025-09-23,1067.9615,1.798,4519.7781,5454.0584,0.9695,1.0575553667027184,1.0403476767893551
2025-09-24,1066.2923,1.815,4566.0708,5467.0362,0.9686,1.0559024312569183,1.0393819079300355
2025-09-25,1063.61,1.8025,4593.4875,5440.5069,0.9652,1.0532462673782514,1.0357334477948277
2025-09-26,1064.4224,1.799,4550.0487,5455.0131,0.9661,1.0540507514162147,1.0366992166541475
2025-09-27,,,,,0.9661,,1.0366992166541475
2025-09-28,,,,,0.9661,,1.0366992166541475
2025-09-29,1061.9095,1.8075,4620.0528,5474.3919,0.9673,1.051562336917202,1.0379869084665738
2025-09-30,1061.469,1.783,4640.6935,5461.0845,0.9674,1.051126129114737,1.0380942161176092
2025-10-09,1059.5981,1.7775,4709.482,5502.3826,0.9649,1.049273459017955,1.0354115248417213
2025-10-10,1058.706,1.775,4616.8341,5559.0517,0.9643,1.048390051570556,1.0347676789355083
2025-10-11,,,,,0.9643,,1.0347676789355083
2025-10-13,1058.7166,1.761,4593.9785,5534.3194,0.965,1.0484005482849854,1.0355188324927567
2025-10-14,1055.4495,1.7525,4539.0644,5596.2901,0.9626,1.0451652826517632,1.0329434488679043
2025-10-15,1051.9274,1.7585,4606.2879,5620.1955,0.9594,1.0416775017185895,1.0295096040347678
2025-10-16,1047.7826,1.753,4618.4218,5639.6007,0.9558,1.0375730883254948,1.025646528597489
2025-10-17,1043.4583,1.745,4514.2345,5596.3198,0.9523,1.033290923966356,1.021890760811246
2025-10-20,1036.8068,1.768,4538.2201,5637.9361,0.9468,1.0267042356619338,1.0159888400042922
2025-10-21,1031.6614,1.7575,4607.8715,5640.3589,0.9435,1.0216089720369508,1.0124476875201203
2025-10-22,1031.7859,1.765,4592.57,5645.9038,0.9447,1.021732258918692,1.0137353793325465
2025-10-23,1036.3357,1.833,4606.3447,5691.9018,0.9475,1.0262377260234743,1.016739993561541
2025-10-24,1045.1346,1.845,4660.6835,5655.0767,0.954,1.034950890230312,1.0237149908788497
2025-10-25,,,,,0.954,,1.0237149908788497
2025-10-26,,,,,0.954,,1.0237149908788497
2025-10-27,1040.524,1.795,4716.0186,5681.4978,0.9513,1.0303852155559723,1.0208176843008907
2025-10-28,1049.3993,1.813,4691.973,5651.6502,0.9604,1.0391740353271877,1.030582680545123
2025-10-29,1051.9481,1.813,4747.8378,5653.7533,0.965,1.0416980000194092,1.0355188324927567
2025-10-30,1051.4097,1.8025,4709.911,5630.5531,0.9663,1.0411648461468839,1.0369138319562186
2025-10-31,1045.7264,1.7925,4640.6676,5627.6697,0.9607,1.035536923777415,1.0309046034982294
2025-11-01,,,,,0.9607,,1.0309046034982294
2025-11-02,,,,,0.9607,,1.0309046034982294
2025-11-03,1039.0983,1.79,4653.4028,5678.4308,0.9569,1.028973407465224,1.0268269127588798
2025-11-04,1033.0475,1.79,4618.699,5699.4485,0.9515,1.022981565987001,1.0210322996029617
2025-11-05,1035.9015,1.7925,4627.257,5723.3919,0.9536,1.0258077568343018,1.0232857602747076
2025-11-06,1035.196,1.801,4693.4032,5745.9004,0.9533,1.0251091311711025,1.0229638373216012
2025-11-07,1041.5132,1.806,4678.7944,5752.944,0.955,1.0313647768685688,1.024788067389205
2025-11-08,,,,,0.955,,1.024788067389205
2025-11-09,,,,,0.955,,1.024788067389205
2025-11-10,1046.5932,1.805,4695.0507,5795.3924,0.9584,1.0363952777460346,1.0284365275244125
2025-11-11,1046.8028,1.804,4652.1655,5782.5897,0.9622,1.0366028354200338,1.0325142182637623
2025-11-12,1047.7899,1.801,4645.9079,5786.4201,0.9623,1.0375803171948659,1.0326215259147977
2025-11-13,1047.3202,1.8025,4702.0738,5801.9877,0.9626,1.0371151939149161,1.0329434488679043
2025-11-14,1050.4542,1.805,4628.1398,5767.5602,0.9669,1.0402186564641243,1.0375576778624316
2025-11-15,,,,,0.9669,,1.0375576778624316
2025-11-16,,,,,0.9669,,1.0375576778624316
2025-11-17,1051.3532,1.8025,4598.0525,5739.3217,0.9667,1.0411088966784634,1.0373430625603606
2025-11-18,1051.1843,1.805,4568.1928,5659.7759,0.9654,1.0409416424268483,1.035948063096899
2025-11-19,1047.8886,1.807,4588.2922,5668.6614,0.9627,1.0376780554697884,1.03305075651894
2025-11-20,1044.2028,1.8085,4564.9483,5656.0404,0.9603,1.0340281696166065,1.0304753728940874
2025-11-21,1041.1559,1.8125,4453.6076,5554.5184,0.9565,1.031010958371813,1.0263976821547378
2025-11-22,,,,,0.9565,,1.0263976821547378
2025-11-23,,,,,0.9565,,1.0263976821547378
2025-11-24,1036.4072,1.813,4448.0478,5527.1668,0.9535,1.0263085293330687,1.0231784526236722
2025-11-25,1040.3591,1.8195,4490.4047,5554.2173,0.9571,1.0302219223286704,1.0270415280609508
2025-11-26,1043.6259,1.834,4517.6255,5530.7929,0.9599,1.0334568908850692,1.0300461422899454
2025-11-27,1040.4987,1.844,4515.4027,5539.999,0.9574,1.030360162077193,1.0273634510140575
2025-11-28,1040.3386,1.829,4526.6616,5545.8415,0.9566,1.0302016220790664,1.0265049898057732
2025-11-29,,,,,0.9566,,1.0265049898057732
2025-11-30,,,,,0.9566,,1.0265049898057732
2025-12-01,1037.8544,1.8275,4576.4856,5591.822,0.9544,1.0277416279294993,1.024144221482992
2025-12-02,1035.2839,1.836,4554.3347,5584.8627,0.9523,1.02519617468038,1.021890760811246
2025-12-03,1035.8241,1.8375,4531.0486,5573.9,0.9522,1.025731111013846,1.0217834531602104
2025-12-04,1033.2827,1.85,4546.5664,5552.9572,0.9494,1.0232144742166034,1.0187788389312158
2025-12-05,1031.4975,1.8285,4584.5368,5557.9653,0.948,1.0214466690657271,1.0172765318167185
2025-12-06,,,,,0.948,,1.0172765318167185
2025-12-07,,,,,0.948,,1.0172765318167185
2025-12-08,1027.8379,1.8325,4621.7545,5527.4237,0.9435,1.017822727921795,1.0124476875201203
2025-12-09,1025.1053,1.835,4598.2232,5476.8405,0.9412,1.0151167541623929,1.0099796115463033
2025-12-10,1029.5589,1.835,4591.8273,5481.5776,0.9461,1.0195269586324485,1.0152376864470438
2025-12-11,1027.7985,1.815,4552.1848,5435.6228,0.9454,1.0177837118323125,1.0144865328897952
2025-12-12,1028.5007,1.8425,4580.95,5426.7244,0.9476,1.0184790696504535,1.0168473012125765
2025-12-13,,,,,0.9476,,1.0168473012125765
2025-12-14,,,,,0.9476,,1.0168473012125765
2025-12-15,1021.8515,1.859,4552.0596,5457.0324,0.9437,1.0118946589350113,1.0126623028221913
2025-12-16,1017.9509,1.8525,4497.5545,5414.3168,0.9397,1.0080320660762232,1.0083699967807704
2025-12-17,1013.1926,1.836,4579.875,5429.6808,0.9369,1.0033201305791275,1.0053653825517759
2025-12-18,1007.3826,1.842,4552.7926,5473.7057,0.932,0.9975667427645455,1.0001073076510356
2025-12-19,999.1901,1.835,4568.1781,5483.3469,0.9255,0.9894540698435534,0.9931323103337268
2025-12-20,,,,,0.9255,,0.9931323103337268
2025-12-21,,,,,0.9255,,0.9931323103337268
2025-12-22,992.0533,1.8435,4611.6235,5458.2256,0.9217,0.9823868102643608,0.9890546195943771
2025-12-23,983.8122,1.835,4620.7341,5459.1338,0.9157,0.9742260108979662,0.982616160532246
2025-12-24,1006.7055,1.835,4634.0586,5472.2364,0.9317,0.9968962403739683,0.999785384697929
2025-12-25,1016.6705,1.839,4642.5357,5486.4444,0.9393,1.006764142193643,1.0079407661766284
2025-12-26,1014.7972,1.8355,4657.24,5513.7509,0.9363,1.0049090954822735,1.0047215366455629
2025-12-27,,,,,0.9363,,1.0047215366455629
2025-12-28,,,,,0.9363,,1.0047215366455629
2025-12-29,1010.5428,1.858,4639.3721,5501.7422,0.9316,1.0006961500230038,0.9996780770468935
2025-12-30,1009.5225,1.86,4651.2818,5499.2122,0.9312,0.9996857917463741,0.9992488464427515
2025-12-31,1009.8398,1.85,4629.9395,5503.9812,0.9319,1.0,1.0
2026-01-01,,,,,0.9319,,1.0
2026-01-02,,,,,0.9319,,1.0
2026-01-03,,,,,0.9319,,1.0
2026-01-04,,,,,0.932,,1.0001073076510356
2026-01-05,1015.8466,1.8615,4717.7457,5525.1164,0.937,1.00594827021078,1.0054726902028115
2026-01-06,1023.2987,1.883,4790.6938,5591.0408,0.9434,1.013327757531442,1.0123403798690847
2026-01-07,1029.2279,1.8985,4776.6658,5592.9103,0.9503,1.0191991838705508,1.0197446077905357
2026-01-08,1030.6386,1.888,4737.6536,5574.5975,0.9549,1.0205961381201256,1.0246807597381693
2026-01-09,1028.9288,1.886,4758.9221,5592.677,0.9523,1.0189029982775486,1.021890760811246
2026-01-10,,,,,0.9523,,1.021890760811246
2026-01-11,,,,,0.9523,,1.021890760811246
2026-01-12,1028.8165,1.8515,4789.9155,5611.1655,0.9525,1.018791792519962,1.022105376113317
2026-01-13,1027.7686,1.8475,4761.0324,5591.9684,0.9498,1.0177541031755732,1.0192080695353578
2026-01-14,1027.744,1.843,4741.9306,5552.3081,0.9506,1.0177297428760481,1.020066530743642
2026-01-15,1025.2235,1.843,4751.4293,5541.7041,0.9479,1.0152338024308412,1.0171692241656831
2026-01-16,1025.2628,1.8325,4731.8728,5493.3899,0.9486,1.015272719494716,1.0179203777229318
2026-01-17,,,,,0.9486,,1.0179203777229318
2026-01-18,,,,,0.9486,,1.0179203777229318
2026-01-19,1024.5245,1.832,4734.4556,5538.8923,0.95,1.0145416134321503,1.0194226848374288
2026-01-20,1030.0109,1.825,4718.8782,5611.8413,0.955,1.0199745543798135,1.024788067389205
2026-01-21,1034.682,1.823,4723.0692,5577.5405,0.962,1.0246001395468867,1.032299602961691
2026-01-22,1043.3481,1.8275,4723.7091,5618.1484,0.9725,1.0331817977465336,1.0435669063204207
2026-01-23,1047.5054,1.821,4702.4966,5611.477,0.9765,1.0372985893406064,1.0478592123618415
2026-01-24,,,,,0.9765,,1.0478592123618415
2026-01-25,,,,,0.9765,,1.0478592123618415
2026-01-26,1044.926,1.8155,4706.964,5648.09,0.9727,1.0347443228123907,1.0437815216224917
2026-01-27,1045.724,1.823,4705.6918,5599.9241,0.9712,1.0355345471628272,1.0421719068569588
2026-01-28,1046.1765,1.8075,4717.9914,5687.3191,0.9726,1.0359826380382315,1.0436742139714563
2026-01-29,1056.7831,1.807,4753.8697,5757.6384,0.9803,1.046485888157706,1.0519369031011911
2026-01-30,1052.42,1.801,4706.3401,5700.0072,0.9767,1.0421653018627313,1.0480738276639125
2026-01-31,,,,,0.9767,,1.0480738276639125
2026-02-01,,,,,0.9767,,1.0480738276639125
2026-02-02,1043.2672,1.81,4605.9799,5521.8717,0.968,1.033101686029804,1.0387380620238222
2026-02-03,1044.6554,1.806,4660.1074,5563.8039,0.9698,1.0344763595176187,1.0406695997424618
2026-02-04,1045.7024,1.81,4698.6832,5712.025,0.9704,1.035513157631537,1.0413134456486748
2026-02-05,1043.6514,1.805,4670.4188,5686.5133,0.9689,1.0334821424150642,1.039703830883142
2026-02-06,1042.8347,1.801,4643.5959,5671.1173,0.9666,1.0326734002759648,1.0372357549093252
2026-02-07,,,,,0.9666,,1.0372357549093252
2026-02-08,,,,,0.9666,,1.0372357549093252
2026-02-09,1040.7179,1.8005,4719.0559,5709.0636,0.9646,1.0305772262095434,1.0350896018886147
2026-02-10,1044.0963,1.795,4724.2956,5730.0051,0.9671,1.0339227073442738,1.0377722931645026
2026-02-11,1044.9794,1.787,4713.8185,5770.1328,0.9698,1.0347972024869687,1.0406695997424618
2026-02-12,1045.9149,1.775,4719.578,5751.6415,0.9703,1.0357235870481636,1.0412061379976394
2026-02-13,1047.0819,1.781,4660.4056,5668.2221,0.9718,1.036879215891471,1.042815752763172
2026-02-14,,,,,0.9718,,1.042815752763172
2026-02-15,,,,,0.9718,,1.042815752763172
2026-02-16,,,,,0.9718,,1.042815752763172
2026-02-17,,,,,0.9718,,1.042815752763172
2026-02-18,,,,,0.9718,,1.042815752763172
2026-02-19,,,,,0.9718,,1.042815752763172
2026-02-20,,,,,0.9718,,1.042815752763172
2026-02-21,,,,,0.9718,,1.042815752763172
2026-02-22,,,,,0.9718,,1.042815752763172
2026-02-23,,,,,0.9718,,1.042815752763172
2026-02-24,1043.8816,1.79,4707.544,5754.4118,0.9697,1.0337100993642754,1.0405622920914261
2026-02-25,1044.3611,1.804,4735.8858,5785.569,0.9691,1.0341849271537922,1.0399184461852131
2026-02-26,1040.6962,1.8175,4726.8739,5768.9179,0.9655,1.0305557376526455,1.0360553707479343
2026-02-27,1035.7793,1.803,4710.6469,5826.709,0.9606,1.0256867475415408,1.030797295847194
2026-02-28,,,,,0.9606,,1.030797295847194
2026-03-01,,,,,0.9606,,1.030797295847194
2026-03-02,1031.2286,1.791,4728.6688,5905.2525,0.957,1.0211803892062878,1.0269342204099152
2026-03-03,1033.551,1.796,4655.8962,5952.0941,0.9597,1.0234801599223955,1.0298315269878744
2026-03-04,1031.6342,1.787,4602.6247,5856.1523,0.9568,1.0215820370716227,1.0267196051078442
2026-03-05,1030.7701,1.785,4647.6921,5849.5206,0.9554,1.0207263567944143,1.025217297993347
2026-03-06,1027.6236,1.79,4660.439,5860.5058,0.9503,1.017610516044228,1.0197446077905357
2026-03-09,1023.0579,1.814,4615.4551,5864.5076,0.9458,1.0130893038678017,1.0149157634939372
2026-03-10,1027.1132,1.813,4674.7562,5820.4882,0.9502,1.0171050893418936,1.0196373001395
2026-03-11,1026.3619,1.819,4704.4959,5905.1798,0.9497,1.0163611099503111,1.0191007618843224
2026-03-12,1021.9369,1.811,4687.5601,5976.5321,0.9449,1.0119792268040932,1.0139499946346175
2026-03-13,1023.1545,1.8225,4669.14,5954.4609,0.9453,1.0131849626049598,1.0143792252387596
2026-03-14,,,,,0.9453,,1.0143792252387596
2026-03-15,,,,,0.9454,,1.0144865328897952
2026-03-16,1018.189,1.8419,4671.5591,5912.3653,0.9393,1.0082678460484524,1.0079407661766284
2026-03-17,1020.2959,1.8381,4637.4392,5868.4806,0.9423,1.010354216579699,1.011159995707694
2026-03-18,1023.5718,1.828,4658.3324,5833.4001,0.9449,1.0135981964664098,1.0139499946346175
2026-03-19,1023.6194,1.836,4583.2511,5799.1901,,1.0136453326557342,
