date,code,name,direction,quantity,price,amount
2026-01-05,180101,博时蛇口产园REIT,buy,47219.0,1.9018,89800.53
2026-01-05,508022,津开产园,buy,31000.0,3.4033,105502.2
2026-01-05,508031,城投宽庭,buy,49500.0,3.8964,192872.5
2026-01-05,508048,外高REIT,buy,134800.0,3.691,497550.4
2026-01-05,508055,地产租住,buy,99600.0,3.517,350289.7
2026-01-05,508058,厦门安居,buy,57079.0,4.2401,242020.41
2026-01-05,508060,万国REIT,buy,149400.0,4.3839,654956.9
2026-01-05,508068,京保REIT,buy,25800.0,4.0962,105681.11
2026-01-05,508078,易商仓储,buy,245800.0,2.9147,716425.6
2026-01-05,508017,金茂商业,buy,50300.0,3.8052,191399.6
2026-01-05,508080,北京亦庄,buy,71602.0,3.759,269153.6
2026-01-05,508085,恒泰租住,buy,85733.0,3.6771,315251.97
2026-01-05,508087,济南能源,buy,20000.0,10.8933,217865.2
2026-01-05,508088,东久REIT,buy,37703.0,3.8016,143333.1
2026-01-05,508090,外运REIT,buy,81635.0,4.1984,342734.49
2026-01-05,508091,凯德商业,buy,5767.0,6.5734,37908.6
2026-01-05,508092,金隅智造,buy,64400.0,3.9239,252699.8
2026-01-05,508097,建邺REIT,buy,59600.0,2.8361,169032.2
2026-01-05,508098,京东仓储,buy,61700.0,3.5843,221152.0
2026-01-05,508084,九州通R,buy,35059.0,4.1547,145660.36
2026-01-05,508011,物美消费,buy,26200.0,3.9929,104613.5
2026-01-05,508082,唯品奥莱,buy,37700.0,4.2714,161030.2
2026-01-05,508005,首创奥莱,buy,30365.0,4.023,122158.84
2026-01-05,508010,重庆两江,buy,20600.0,2.8457,58622.3
2026-01-05,180102,华夏合肥高新REIT,buy,75700.0,1.6184,122512.5
2026-01-05,180103,华夏和达高科REIT,buy,29000.0,2.06,59740.0
2026-01-05,180105,易方达广开产园REIT,buy,46700.0,1.8907,88295.1
2026-01-05,180106,广发成都高投产业园REIT,buy,34400.0,3.3664,115802.7
2026-01-05,180301,红土创新盐田港REIT,buy,37200.0,2.3433,87171.7
2026-01-05,180303,华泰宝湾物流REIT,buy,51600.0,4.0025,206526.8
2026-01-05,180305,南方顺丰物流REIT,buy,45108.0,4.0148,181097.9
2026-01-05,180501,红土创新深圳安居REIT,buy,72900.0,3.5281,257195.4
2026-01-05,180302,华夏深国际REIT,buy,56500.0,2.8463,160814.8
2026-01-05,180502,招商基金蛇口租赁住房REIT,buy,80300.0,3.5795,287431.3
2026-01-05,180601,华夏华润商业REIT,buy,23700.0,9.8879,234343.0
2026-01-05,180603,华夏大悦城商业REIT,buy,40400.0,4.6293,187022.5
2026-01-05,180605,易方达华威市场REIT,buy,28200.0,4.7771,134715.0
2026-01-05,180606,中金中国绿发商业REIT,buy,17600.0,4.1638,73282.71
2026-01-05,180607,华夏中海商业REIT,buy,10512.0,5.571,58562.3
2026-01-05,180901,南方润泽科技数据中心REIT,buy,68700.0,6.4365,442187.7
2026-01-05,508001,浙江杭徽,buy,12500.0,5.6788,70985.3
2026-01-05,508002,百联消费,buy,67800.0,3.0298,205417.1
2026-01-06,508066,苏交REIT,buy,12700.0,5.6817,72157.4
2026-01-06,508060,万国REIT,buy,131512.0,4.395,577991.59
2026-01-06,508058,厦门安居,buy,50140.0,4.2705,214120.9
2026-01-06,508055,地产租住,buy,103802.0,3.5467,368150.26
2026-01-06,508031,城投宽庭,buy,53200.0,3.9005,207505.8
2026-01-06,508036,甬交REIT,buy,8400.0,8.6403,72578.4
2026-01-06,508022,津开产园,buy,42000.0,3.3816,142026.2
2026-01-06,508068,京保REIT,buy,27800.0,4.1054,114129.5
2026-01-06,508048,外高REIT,buy,168300.0,3.6486,614065.1
2026-01-06,508078,易商仓储,buy,169600.0,2.9417,498909.4
2026-01-06,508097,建邺REIT,buy,35800.0,2.8537,102161.6
2026-01-06,508082,唯品奥莱,buy,34200.0,4.2868,146608.63
2026-01-06,508084,九州通R,buy,311.0,4.153,1291.58
2026-01-06,508085,恒泰租住,buy,66800.0,3.7211,248566.2
2026-01-06,508087,济南能源,buy,68172.0,10.9602,747182.16
2026-01-06,508088,东久REIT,buy,31900.0,3.8387,122455.2
2026-01-06,508090,外运REIT,buy,85003.0,4.2392,360345.65
2026-01-06,508091,凯德商业,buy,15811.0,6.6214,104691.42
2026-01-06,508092,金隅智造,buy,69013.0,3.9416,272020.38
2026-01-06,508098,京东仓储,buy,60900.0,3.6224,220606.56
2026-01-06,508017,金茂商业,buy,17100.0,3.8166,65264.0
2026-01-06,508080,北京亦庄,buy,79049.0,3.7907,299648.77
2026-01-06,508011,物美消费,buy,24900.0,4.0037,99692.7
2026-01-06,180605,易方达华威市场REIT,buy,24500.0,4.8761,119463.3
2026-01-06,508009,安徽交控,buy,10100.0,6.757,68246.2
2026-01-06,508010,重庆两江,buy,68791.0,2.8674,197248.11
2026-01-06,180101,博时蛇口产园REIT,buy,42718.0,1.9162,81856.19
2026-01-06,180102,华夏合肥高新REIT,buy,73802.0,1.6173,119356.54
2026-01-06,180105,易方达广开产园REIT,buy,34800.0,1.8913,65816.4
2026-01-06,180106,广发成都高投产业园REIT,buy,4500.0,3.4191,15385.8
2026-01-06,180201,平安广州广河REIT,buy,9780.0,8.0408,78639.09
2026-01-06,180302,华夏深国际REIT,buy,55300.0,2.8488,157537.9
2026-01-06,180303,华泰宝湾物流REIT,buy,12000.0,4.0079,48094.3
2026-01-06,180305,南方顺丰物流REIT,buy,45600.0,4.0249,183536.73
2026-01-06,180501,红土创新深圳安居REIT,buy,51500.0,3.5212,181341.0
2026-01-06,180301,红土创新盐田港REIT,buy,40000.0,2.355,94200.9
2026-01-06,180601,华夏华润商业REIT,buy,23000.0,9.9213,228189.6
2026-01-06,180502,招商基金蛇口租赁住房REIT,buy,29100.0,3.596,104642.7
2026-01-06,508002,百联消费,buy,68400.0,3.0539,208885.4
2026-01-06,508001,浙江杭徽,buy,15234.0,5.599,85294.94
2026-01-06,180901,南方润泽科技数据中心REIT,buy,57900.0,6.447,373279.1
2026-01-06,180801,中航首钢绿能REIT,buy,10930.0,11.725,128153.88
2026-01-06,508005,首创奥莱,buy,24700.0,4.0832,100855.7
2026-01-06,180606,中金中国绿发商业REIT,buy,18215.0,4.1818,76172.25
2026-01-06,180603,华夏大悦城商业REIT,buy,33100.0,4.7298,156556.6
2026-01-06,180701,银华绍兴原水水利REIT,buy,16100.0,3.829,61647.4
2026-01-08,508068,京保REIT,buy,21400.0,4.1195,88157.72
2026-01-08,508011,物美消费,buy,16700.0,4.0864,68242.9
2026-01-08,508017,金茂商业,buy,41900.0,3.941,165127.7
2026-01-08,508022,津开产园,buy,45700.0,3.4987,159892.2
2026-01-08,508036,甬交REIT,buy,6168.0,8.79,54216.5
2026-01-08,508048,外高REIT,buy,108153.0,3.7051,400714.52
2026-01-08,508055,地产租住,buy,109000.0,3.5506,387011.7
2026-01-08,508058,厦门安居,buy,39329.0,4.3616,171539.33
2026-01-08,508060,万国REIT,buy,85800.0,4.5053,386552.7
2026-01-08,508066,苏交REIT,buy,9000.0,5.7377,51639.56
2026-01-08,508078,易商仓储,buy,94560.0,2.9768,281486.4
2026-01-08,508098,京东仓储,buy,34437.0,3.7059,127618.9
2026-01-08,508082,唯品奥莱,buy,18400.0,4.3795,80583.3
2026-01-08,508084,九州通R,buy,39311.0,4.2849,168445.54
2026-01-08,508085,恒泰租住,buy,35100.0,3.7749,132499.2
2026-01-08,508087,济南能源,buy,56217.0,11.3595,638599.13
2026-01-08,508088,东久REIT,buy,20200.0,3.8897,78571.9
2026-01-08,508090,外运REIT,buy,72100.0,4.2579,306994.02
2026-01-08,508091,凯德商业,buy,10700.0,6.6649,71314.1
2026-01-08,508092,金隅智造,buy,34000.0,4.1408,140786.9
2026-01-08,508097,建邺REIT,buy,28000.0,2.9195,81746.1
2026-01-08,508010,重庆两江,buy,36700.0,2.9371,107793.0
2026-01-08,508080,北京亦庄,buy,63300.0,3.8158,241537.9
2026-01-08,508009,安徽交控,buy,8559.0,6.8053,58246.4
2026-01-08,508031,城投宽庭,buy,41000.0,3.8897,159476.3
2026-01-08,508005,首创奥莱,buy,13700.0,4.1942,57460.2
2026-01-08,180101,博时蛇口产园REIT,buy,28824.0,1.9397,55910.71
2026-01-08,180102,华夏合肥高新REIT,buy,53730.0,1.635,87846.93
2026-01-08,180103,华夏和达高科REIT,buy,20400.0,2.139,43634.61
2026-01-08,180105,易方达广开产园REIT,buy,30600.0,1.943,59455.0
2026-01-08,180106,广发成都高投产业园REIT,buy,18000.0,3.4747,62543.9
2026-01-08,180301,红土创新盐田港REIT,buy,24700.0,2.3969,59204.2
2026-01-08,180302,华夏深国际REIT,buy,30800.0,2.9532,90958.2
2026-01-08,180303,华泰宝湾物流REIT,buy,36900.0,4.1979,154904.3
2026-01-08,180305,南方顺丰物流REIT,buy,35603.0,4.0454,144030.0
2026-01-08,180501,红土创新深圳安居REIT,buy,64731.0,3.5624,230598.85
2026-01-08,180502,招商基金蛇口租赁住房REIT,buy,92900.0,3.5999,334434.5
2026-01-08,180201,平安广州广河REIT,buy,8416.0,8.0619,67848.7
2026-01-08,180602,中金印力消费REIT,buy,16900.0,4.2008,70992.7
2026-01-08,180601,华夏华润商业REIT,buy,17700.0,10.0216,177382.5
2026-01-08,508002,百联消费,buy,37600.0,3.1109,116970.8
2026-01-08,508001,浙江杭徽,buy,14400.0,5.6712,81665.9
2026-01-08,180901,南方润泽科技数据中心REIT,buy,43200.0,6.6427,286964.3
2026-01-08,508006,首创水务,buy,16394.0,3.6828,60376.55
2026-01-08,180801,中航首钢绿能REIT,buy,8871.0,11.8269,104916.13
2026-01-08,180701,银华绍兴原水水利REIT,buy,14800.0,3.8941,57633.4
2026-01-08,180607,华夏中海商业REIT,buy,7338.0,5.805,42597.37
2026-01-08,180606,中金中国绿发商业REIT,buy,13600.0,4.2,57120.3
2026-01-08,180605,易方达华威市场REIT,buy,9600.0,5.114,49094.4
2026-01-08,180603,华夏大悦城商业REIT,buy,20700.0,4.8371,100128.8
2026-01-13,508039,首农REIT,sell,39400.0,4.999,196961.9
2026-01-13,508056,普洛斯,buy,66000.0,3.2472,214315.7
2026-01-13,508055,地产租住,sell,2000.0,3.5636,7127.1
2026-01-13,508048,外高REIT,buy,155508.0,3.7485,582919.79
2026-01-13,508058,厦门安居,sell,76561.0,4.2607,326204.37
2026-01-13,508036,甬交REIT,buy,60900.0,8.6794,528573.0
2026-01-13,508022,津开产园,buy,67200.0,3.5002,235210.7
2026-01-13,508031,城投宽庭,sell,85900.0,3.8401,329861.1
2026-01-13,508028,国家电投,sell,96280.0,10.3553,997004.73
2026-01-13,508027,东吴苏园,buy,232800.0,3.0034,699194.6
2026-01-13,508026,电建清源,sell,195200.0,4.1488,809836.2
2026-01-13,508021,临港REIT,buy,184500.0,4.6134,851173.91
2026-01-13,508060,万国REIT,sell,265700.0,4.4916,1193424.1
2026-01-13,508033,深高REIT,buy,96300.0,6.2585,602695.9
2026-01-13,508066,苏交REIT,sell,167700.0,5.6484,947232.4
2026-01-13,508090,外运REIT,buy,99600.0,4.2017,418492.3
2026-01-13,508069,南京交通,buy,42800.0,6.3228,270615.1
2026-01-13,508098,京东仓储,buy,63000.0,3.7303,235011.22
2026-01-13,508097,建邺REIT,buy,97100.0,2.9554,286969.91
2026-01-13,508096,京能光伏,sell,900.0,10.1216,9109.4
2026-01-13,508092,金隅智造,sell,900.0,4.1308,3717.7
2026-01-13,508091,凯德商业,buy,36191.0,6.702,242550.72
2026-01-13,508018,中交REIT,sell,51900.0,5.5368,287358.72
2026-01-13,508089,特变REIT,sell,279600.0,4.7931,1340147.3
2026-01-13,508088,东久REIT,buy,29900.0,3.9136,117016.14
2026-01-13,508087,济南能源,buy,68500.0,11.4044,781203.3
2026-01-13,508085,恒泰租住,sell,42792.0,3.7227,159302.19
2026-01-13,508084,九州通R,buy,98100.0,4.2039,412407.4
2026-01-13,508082,唯品奥莱,buy,83388.0,4.3778,365058.24
2026-01-13,508080,北京亦庄,buy,88912.0,3.7912,337081.08
2026-01-13,508078,易商仓储,buy,168500.0,2.914,491012.0
2026-01-13,508077,华润有巢,sell,481608.0,2.8704,1382385.9
2026-01-13,508068,京保REIT,sell,39600.0,4.0297,159574.31
2026-01-13,508017,金茂商业,buy,142000.0,3.9406,559569.41
2026-01-13,508019,湖北科投,sell,46100.0,1.9155,88304.86
2026-01-13,508015,明阳REIT,sell,82100.0,6.7,550072.3
2026-01-13,180502,招商基金蛇口租赁住房REIT,sell,193400.0,3.5844,693232.0
2026-01-13,180501,红土创新深圳安居REIT,sell,84000.0,3.4137,286752.2
2026-01-13,180402,工银蒙能清洁能源REIT,sell,90900.0,6.6773,606964.2
2026-01-13,180305,南方顺丰物流REIT,buy,85000.0,4.051,344335.23
2026-01-13,180303,华泰宝湾物流REIT,buy,66900.0,4.1752,279320.78
2026-01-13,180302,华夏深国际REIT,sell,376000.0,2.9201,1097966.6
2026-01-13,180601,华夏华润商业REIT,buy,226800.0,10.0165,2271739.7
2026-01-13,180301,红土创新盐田港REIT,buy,397888.0,2.3791,946617.96
2026-01-13,180202,华夏越秀高速REIT,sell,1100.0,5.2727,5800.0
2026-01-13,180201,平安广州广河REIT,sell,25292.0,8.0539,203698.94
2026-01-13,180106,广发成都高投产业园REIT,buy,77800.0,3.5171,273631.4
2026-01-13,180105,易方达广开产园REIT,buy,127000.0,1.9402,246404.0
2026-01-13,508016,华电REIT,buy,122456.0,4.3884,537388.26
2026-01-13,180102,华夏合肥高新REIT,sell,481200.0,1.6799,808366.7
2026-01-13,180203,招商高速公路REIT,sell,204500.0,6.9381,1418838.8
2026-01-13,180602,中金印力消费REIT,buy,127800.0,4.1762,533719.0
2026-01-13,180103,华夏和达高科REIT,buy,168704.0,2.1796,367714.42
2026-01-13,180605,易方达华威市场REIT,buy,220302.0,5.0892,1121169.55
2026-01-13,180603,华夏大悦城商业REIT,buy,84700.0,4.8848,413746.3
2026-01-13,508010,重庆两江,buy,85330.0,2.9834,254575.99
2026-01-13,508009,安徽交控,sell,96175.0,6.8001,653997.33
2026-01-13,508008,铁建REIT,buy,36742.0,8.1611,299856.06
2026-01-13,508007,山东高速,sell,87212.0,7.0974,618979.16
2026-01-13,508006,首创水务,buy,26385.0,3.6452,96179.22
2026-01-13,508005,首创奥莱,buy,216500.0,4.1445,897293.9
2026-01-13,508011,物美消费,sell,82200.0,4.0939,336519.2
2026-01-13,508002,百联消费,sell,426518.0,3.0773,1312505.4
2026-01-13,508001,浙江杭徽,sell,166300.0,5.653,940091.9
2026-01-13,508000,张江REIT,buy,261189.0,2.6493,691971.1
2026-01-13,180901,南方润泽科技数据中心REIT,sell,216171.0,6.678,1443579.89
2026-01-13,180801,中航首钢绿能REIT,buy,9865.0,11.9806,118188.71
2026-01-13,180607,华夏中海商业REIT,buy,20092.0,5.8322,117181.43
2026-01-13,508003,中金联东,buy,153800.0,3.9126,601756.9
2026-01-13,180606,中金中国绿发商业REIT,buy,53500.0,4.2569,227742.4
2026-01-14,508058,厦门安居,sell,101134.0,4.2532,430147.96
2026-01-14,508055,地产租住,sell,46500.0,3.5622,165642.2
2026-01-14,508048,外高REIT,buy,103900.0,3.7858,393340.3
2026-01-14,508039,首农REIT,sell,42894.0,4.9731,213317.34
2026-01-14,508036,甬交REIT,buy,48300.0,8.6915,419797.3
2026-01-14,508027,东吴苏园,buy,206075.0,2.993,616772.6
2026-01-14,508031,城投宽庭,sell,111600.0,3.87,431889.6
2026-01-14,508028,国家电投,sell,93490.0,10.3386,966553.37
2026-01-14,508026,电建清源,sell,102000.0,4.1594,424260.5
2026-01-14,508021,临港REIT,buy,204736.0,4.6228,946459.72
2026-01-14,508018,中交REIT,sell,53700.0,5.5381,297395.5
2026-01-14,508060,万国REIT,sell,305726.0,4.486,1371493.82
2026-01-14,508033,深高REIT,buy,46200.0,6.3022,291161.8
2026-01-14,508066,苏交REIT,sell,159246.0,5.6376,897757.53
2026-01-14,508085,恒泰租住,sell,64644.0,3.721,240543.55
2026-01-14,508069,南京交通,buy,40900.0,6.3235,258630.4
2026-01-14,508077,华润有巢,sell,456410.0,2.8741,1311764.02
2026-01-14,508078,易商仓储,buy,126200.0,2.9221,368773.4
2026-01-14,508080,北京亦庄,buy,95137.0,3.7849,360085.98
2026-01-14,508082,唯品奥莱,buy,55200.0,4.392,242440.11
2026-01-14,508084,九州通R,buy,57900.0,4.1978,243052.22
2026-01-14,508087,济南能源,buy,54192.0,11.3807,616741.43
2026-01-14,508089,特变REIT,sell,117500.0,4.7755,561125.1
2026-01-14,508090,外运REIT,buy,91739.0,4.2183,386979.85
2026-01-14,508091,凯德商业,buy,25727.0,6.6969,172292.36
2026-01-14,508092,金隅智造,sell,47100.0,4.1111,193631.4
2026-01-14,508097,建邺REIT,buy,70500.0,2.9577,208516.9
2026-01-14,508017,金茂商业,buy,97200.0,3.9277,381768.9
2026-01-14,508068,京保REIT,sell,50675.0,4.0151,203465.7
2026-01-14,508016,华电REIT,buy,100579.0,4.3775,440282.01
2026-01-14,180502,招商基金蛇口租赁住房REIT,sell,250700.0,3.5795,897382.3
2026-01-14,508011,物美消费,sell,95800.0,4.1488,397452.0
2026-01-14,508015,明阳REIT,sell,81000.0,6.6281,536873.5
2026-01-14,180102,华夏合肥高新REIT,sell,467700.0,1.6828,787057.8
2026-01-14,180103,华夏和达高科REIT,buy,157218.0,2.1881,344004.64
2026-01-14,180105,易方达广开产园REIT,buy,83200.0,1.9428,161640.94
2026-01-14,180106,广发成都高投产业园REIT,buy,52800.0,3.5234,186034.0
2026-01-14,180201,平安广州广河REIT,sell,30700.0,8.05,247136.0
2026-01-14,180203,招商高速公路REIT,sell,116400.0,6.892,802226.2
2026-01-14,180302,华夏深国际REIT,sell,346000.0,2.91,1006855.6
2026-01-14,180303,华泰宝湾物流REIT,buy,58600.0,4.0908,239719.5
2026-01-14,180305,南方顺丰物流REIT,buy,42000.0,4.0463,169945.94
2026-01-14,180401,鹏华深圳能源REIT,sell,122464.0,5.3937,660532.16
2026-01-14,180402,工银蒙能清洁能源REIT,sell,93500.0,6.6571,622436.6
2026-01-14,180501,红土创新深圳安居REIT,sell,92458.0,3.403,314637.12
2026-01-14,180601,华夏华润商业REIT,buy,187700.0,9.9852,1874217.7
2026-01-14,180301,红土创新盐田港REIT,buy,348335.0,2.3728,826543.02
2026-01-14,508005,首创奥莱,buy,179100.0,4.1688,746636.1
2026-01-14,508010,重庆两江,buy,29000.0,2.9672,86047.6
2026-01-14,508009,安徽交控,sell,101600.0,6.834,694332.62
2026-01-14,508008,铁建REIT,buy,28410.0,8.1622,231887.31
2026-01-14,508007,山东高速,sell,144700.0,7.0541,1020727.76
2026-01-14,508003,中金联东,buy,116200.0,3.9213,455660.0
2026-01-14,180602,中金印力消费REIT,buy,94500.0,4.191,396053.5
2026-01-14,508002,百联消费,sell,219500.0,3.0709,674062.9
2026-01-14,508001,浙江杭徽,sell,159278.0,5.6625,901908.9
2026-01-14,508000,张江REIT,buy,229500.0,2.6498,608124.52
2026-01-14,180901,南方润泽科技数据中心REIT,sell,212100.0,6.6513,1410738.21
2026-01-14,180606,中金中国绿发商业REIT,buy,35559.0,4.2498,151117.42
2026-01-14,180605,易方达华威市场REIT,buy,204090.0,5.1141,1043728.51
2026-01-14,180603,华夏大悦城商业REIT,buy,45300.0,4.9102,222433.3
2026-01-19,508039,首农REIT,buy,10700.0,4.9845,53333.7
2026-01-19,508036,甬交REIT,buy,6900.0,8.6791,59885.7
2026-01-19,508048,外高REIT,buy,32500.0,3.7638,122323.8
2026-01-19,508017,金茂商业,buy,15400.0,3.9453,60758.1
2026-01-19,508033,深高REIT,buy,45000.0,6.3182,284317.6
2026-01-19,508058,厦门安居,buy,34900.0,4.255,148498.8
2026-01-19,508056,普洛斯,buy,62400.0,3.2424,202324.28
2026-01-19,508031,城投宽庭,buy,46100.0,3.8639,178127.0
2026-01-19,508018,中交REIT,buy,15568.0,5.5011,85640.69
2026-01-19,508027,东吴苏园,buy,20200.0,2.9808,60212.5
2026-01-19,508026,电建清源,sell,66900.0,4.0686,272191.8
2026-01-19,508022,津开产园,buy,52400.0,3.4606,181337.9
2026-01-19,508021,临港REIT,buy,9339.0,4.5879,42846.44
2026-01-19,508019,湖北科投,sell,42200.0,1.8692,78880.2
2026-01-19,508060,万国REIT,buy,70300.0,4.5171,317549.79
2026-01-19,508028,国家电投,buy,49900.0,10.2478,511365.68
2026-01-19,508066,苏交REIT,buy,5600.0,5.6401,31584.5
2026-01-19,508092,金隅智造,buy,6800.0,4.1594,28283.7
2026-01-19,508069,南京交通,buy,28035.0,6.2194,174359.5
2026-01-19,508098,京东仓储,buy,89942.0,3.7124,333898.04
2026-01-19,508096,京能光伏,sell,164200.0,10.1166,1661142.9
2026-01-19,508016,华电REIT,buy,32181.0,4.3802,140960.34
2026-01-19,508091,凯德商业,buy,9000.0,6.72,60480.42
2026-01-19,508090,外运REIT,buy,95400.0,4.2204,402628.69
2026-01-19,508089,特变REIT,sell,36500.0,4.81,175565.0
2026-01-19,508088,东久REIT,buy,36700.0,3.9155,143700.0
2026-01-19,508087,济南能源,buy,24216.0,11.2039,271314.08
2026-01-19,508086,河北高速,buy,15500.0,5.0035,77553.7
2026-01-19,508085,恒泰租住,buy,20423.0,3.7341,76261.2
2026-01-19,508084,九州通R,buy,52189.0,4.2396,221260.76
2026-01-19,508082,唯品奥莱,buy,31400.0,4.3857,137710.11
2026-01-19,508080,北京亦庄,buy,121500.0,3.7649,457437.19
2026-01-19,508078,易商仓储,buy,39000.0,2.8883,112644.3
2026-01-19,508077,华润有巢,buy,26000.0,2.8903,75147.9
2026-01-19,508068,京保REIT,buy,26500.0,4.0019,106050.3
2026-01-19,508015,明阳REIT,buy,28700.0,6.4338,184650.1
2026-01-19,508097,建邺REIT,buy,27200.0,2.9092,79130.4
2026-01-19,508011,物美消费,sell,6300.0,4.2142,26549.2
2026-01-19,180501,红土创新深圳安居REIT,buy,78479.0,3.3649,264077.89
2026-01-19,180402,工银蒙能清洁能源REIT,sell,14700.0,6.6583,97877.1
2026-01-19,180401,鹏华深圳能源REIT,buy,148830.0,5.4044,804340.72
2026-01-19,180305,南方顺丰物流REIT,buy,31600.0,4.0532,128080.12
2026-01-19,180303,华泰宝湾物流REIT,buy,30849.0,4.1748,128787.49
2026-01-19,180302,华夏深国际REIT,sell,14800.0,2.9524,43696.2
2026-01-19,180301,红土创新盐田港REIT,buy,48800.0,2.3754,115921.5
2026-01-19,180203,招商高速公路REIT,sell,14400.0,6.889,99201.7
2026-01-19,180202,华夏越秀高速REIT,sell,21600.0,5.2063,112455.2
2026-01-19,180201,平安广州广河REIT,buy,9683.0,8.0511,77959.23
2026-01-19,180106,广发成都高投产业园REIT,buy,42700.0,3.4756,148409.0
2026-01-19,180105,易方达广开产园REIT,buy,30200.0,1.9437,58699.5
2026-01-19,180103,华夏和达高科REIT,buy,38400.0,2.122,81485.61
2026-01-19,508012,招商科创,sell,19700.0,3.1043,61154.6
2026-01-19,180101,博时蛇口产园REIT,sell,6500.0,1.9413,12618.6
2026-01-19,180502,招商基金蛇口租赁住房REIT,buy,104000.0,3.596,373985.7
2026-01-19,180601,华夏华润商业REIT,buy,50700.0,9.9395,503934.8
2026-01-19,180102,华夏合肥高新REIT,buy,29900.0,1.6967,50730.7
2026-01-19,180603,华夏大悦城商业REIT,buy,41500.0,4.8965,203203.9
2026-01-19,180602,中金印力消费REIT,buy,65000.0,4.1541,270017.2
2026-01-19,508009,安徽交控,buy,13000.0,6.8106,88537.2
2026-01-19,508008,铁建REIT,buy,12478.0,8.1316,101466.24
2026-01-19,508007,山东高速,sell,26000.0,7.1273,185310.3
2026-01-19,508006,首创水务,buy,25100.0,3.6269,91036.16
2026-01-19,508005,首创奥莱,buy,33600.0,4.1969,141016.5
2026-01-19,508003,中金联东,buy,102500.0,3.9432,404179.4
2026-01-19,508002,百联消费,sell,182500.0,3.1362,572351.2
2026-01-19,508010,重庆两江,buy,118900.0,2.9422,349824.2
2026-01-19,508000,张江REIT,buy,16500.0,2.6818,44248.9
2026-01-19,180901,南方润泽科技数据中心REIT,buy,38300.0,6.7133,257118.8
2026-01-19,180801,中航首钢绿能REIT,buy,5853.0,12.0903,70764.27
2026-01-19,180701,银华绍兴原水水利REIT,buy,8800.0,3.9308,34591.3
2026-01-19,180607,华夏中海商业REIT,buy,17171.0,5.8552,100539.13
2026-01-19,180606,中金中国绿发商业REIT,buy,25600.0,4.2469,108720.8
2026-01-19,508001,浙江杭徽,buy,7100.0,5.7497,40822.7
2026-01-19,180605,易方达华威市场REIT,buy,28900.0,5.0569,146144.3
2026-01-20,508058,厦门安居,buy,62656.0,4.2836,268391.66
2026-01-20,508056,普洛斯,buy,36600.0,3.2571,119208.7
2026-01-20,508055,地产租住,buy,63600.0,3.6951,235005.46
2026-01-20,508048,外高REIT,buy,50400.0,3.8012,191579.0
2026-01-20,508039,首农REIT,buy,8401.0,5.0117,42103.62
2026-01-20,508036,甬交REIT,buy,13143.0,8.6848,114144.76
2026-01-20,508028,国家电投,buy,10100.0,10.2357,103380.7
2026-01-20,508031,城投宽庭,buy,52000.0,3.8823,201881.2
2026-01-20,508027,东吴苏园,buy,16800.0,2.9885,50206.3
2026-01-20,508022,津开产园,buy,68100.0,3.4617,235743.0
2026-01-20,508021,临港REIT,buy,28694.0,4.613,132366.09
2026-01-20,508018,中交REIT,buy,10700.0,5.5283,59152.6
2026-01-20,508060,万国REIT,buy,64138.0,4.5355,290896.37
2026-01-20,508033,深高REIT,buy,9700.0,6.3025,61134.3
2026-01-20,508066,苏交REIT,buy,4000.0,5.6623,22649.2
2026-01-20,508086,河北高速,buy,9400.0,4.9832,46841.9
2026-01-20,508069,南京交通,buy,47800.0,6.2403,298288.4
2026-01-20,508098,京东仓储,buy,61902.0,3.7371,231332.96
2026-01-20,508097,建邺REIT,buy,25100.0,2.9604,74306.9
2026-01-20,508096,XD京能光,buy,7700.0,9.7886,75372.2
2026-01-20,508092,金隅智造,buy,38900.0,4.1692,162180.5
2026-01-20,508091,凯德商业,buy,17400.0,6.7357,117201.31
2026-01-20,508090,外运REIT,buy,138726.0,4.2538,590106.77
2026-01-20,508068,京保REIT,buy,24932.0,4.0474,100910.55
2026-01-20,508088,东久REIT,buy,35000.0,3.924,137339.97
2026-01-20,508085,恒泰租住,buy,39926.0,3.7603,150133.9
2026-01-20,508084,九州通R,buy,35300.0,4.2644,150534.71
2026-01-20,508082,唯品奥莱,buy,37783.0,4.4009,166279.14
2026-01-20,508080,北京亦庄,buy,72600.0,3.7839,274708.54
2026-01-20,508078,易商仓储,buy,94300.0,2.8944,272941.8
2026-01-20,508077,华润有巢,buy,27400.0,2.8928,79262.9
2026-01-20,508087,济南能源,buy,15400.0,11.308,174142.5
2026-01-20,508017,金茂商业,buy,69100.0,4.0052,276759.1
2026-01-20,508011,物美消费,buy,29100.0,4.2401,123385.8
2026-01-20,508015,明阳REIT,buy,8900.0,6.3868,56842.5
2026-01-20,508016,华电REIT,buy,13802.0,4.4019,60754.59
2026-01-20,180101,博时蛇口产园REIT,buy,58823.0,1.9569,115112.33
2026-01-20,180102,华夏合肥高新REIT,buy,21900.0,1.6993,37214.7
2026-01-20,180103,华夏和达高科REIT,buy,27900.0,2.1278,59365.0
2026-01-20,180105,易方达广开产园REIT,buy,54700.0,1.9442,106346.8
2026-01-20,180106,广发成都高投产业园REIT,buy,20900.0,3.5109,73377.1
2026-01-20,180201,平安广州广河REIT,buy,7824.0,8.0535,63010.84
2026-01-20,180202,华夏越秀高速REIT,buy,13121.0,5.2648,69079.45
2026-01-20,180303,华泰宝湾物流REIT,buy,27400.0,4.1897,114798.5
2026-01-20,180305,南方顺丰物流REIT,buy,64800.0,4.07,263738.4
2026-01-20,180401,鹏华深圳能源REIT,buy,11935.0,5.4251,64748.61
2026-01-20,180402,工银蒙能清洁能源REIT,buy,8300.0,6.7002,55611.3
2026-01-20,180501,红土创新深圳安居REIT,buy,64978.0,3.4358,223252.12
2026-01-20,180502,招商基金蛇口租赁住房REIT,buy,95100.0,3.6105,343361.9
2026-01-20,180601,华夏华润商业REIT,buy,35400.0,9.9766,353170.9
2026-01-20,180301,红土创新盐田港REIT,buy,72988.0,2.4032,175408.17
2026-01-20,180603,华夏大悦城商业REIT,buy,35300.0,4.9143,173473.4
2026-01-20,508010,重庆两江,buy,14200.0,2.9769,42271.4
2026-01-20,180602,中金印力消费REIT,buy,67300.0,4.1681,280515.5
2026-01-20,508009,安徽交控,buy,9956.0,6.8544,68242.79
2026-01-20,508008,铁建REIT,buy,10628.0,8.128,86383.91
2026-01-20,508006,首创水务,buy,63336.0,3.6515,231271.69
2026-01-20,508003,中金联东,buy,102000.0,3.9677,404707.1
2026-01-20,508002,百联消费,buy,37600.0,3.1372,117956.9
2026-01-20,508005,首创奥莱,buy,27100.0,4.2016,113864.1
2026-01-20,180901,南方润泽科技数据中心REIT,buy,33100.0,6.8067,225300.6
2026-01-20,180801,中航首钢绿能REIT,buy,17007.0,12.1,205784.21
2026-01-20,180701,银华绍兴原水水利REIT,buy,62100.0,3.9519,245412.51
2026-01-20,180607,华夏中海商业REIT,buy,8738.0,5.884,51414.4
2026-01-20,180606,中金中国绿发商业REIT,buy,17300.0,4.257,73646.6
2026-01-20,180605,易方达华威市场REIT,buy,23200.0,5.1121,118600.9
2026-01-20,508000,张江REIT,buy,13900.0,2.6804,37257.5
2026-01-21,508060,万国REIT,buy,66598.0,4.5965,306114.86
2026-01-21,508039,首农REIT,buy,10600.0,5.0796,53843.8
2026-01-21,508058,厦门安居,buy,38813.0,4.3106,167306.24
2026-01-21,508056,普洛斯,buy,19151.0,3.2754,62726.43
2026-01-21,508055,地产租住,buy,39300.0,3.7115,145863.5
2026-01-21,508048,外高REIT,buy,39451.0,3.8098,150299.81
2026-01-21,508036,甬交REIT,buy,19800.0,8.733,172913.3
2026-01-21,508018,中交REIT,buy,9600.0,5.5572,53348.9
2026-01-21,508031,城投宽庭,buy,44300.0,3.8944,172523.6
2026-01-21,508028,国家电投,buy,7000.0,10.3166,72216.0
2026-01-21,508027,东吴苏园,buy,17600.0,2.9907,52635.8
2026-01-21,508022,津开产园,buy,51900.0,3.4586,179501.9
2026-01-21,508021,临港REIT,buy,19600.0,4.5968,90097.5
2026-01-21,508066,苏交REIT,buy,4423.0,5.727,25330.31
2026-01-21,508033,深高REIT,buy,7800.0,6.2937,49091.2
2026-01-21,508068,京保REIT,buy,18100.0,4.0558,73409.5
2026-01-21,508098,京东仓储,buy,64314.0,3.7516,241283.37
2026-01-21,508077,华润有巢,buy,19600.0,2.9069,56975.2
2026-01-21,508017,金茂商业,buy,34152.0,4.0486,138268.34
2026-01-21,508097,建邺REIT,buy,46000.0,2.9771,136947.1
2026-01-21,508096,京能光伏,buy,11100.0,9.7762,108516.31
2026-01-21,508092,金隅智造,buy,42900.0,4.2054,180412.7
2026-01-21,508091,凯德商业,buy,14300.0,6.761,96682.91
2026-01-21,508090,外运REIT,buy,144328.0,4.282,618009.95
2026-01-21,508069,南京交通,buy,16500.0,6.2484,103098.9
2026-01-21,508088,东久REIT,buy,35200.0,3.9545,139197.8
2026-01-21,508086,河北高速,buy,11000.0,4.9951,54945.8
2026-01-21,508085,恒泰租住,buy,27424.0,3.7859,103824.13
2026-01-21,508084,九州通R,buy,48600.0,4.2537,206732.0
2026-01-21,508082,唯品奥莱,buy,34405.0,4.458,153378.48
2026-01-21,508080,北京亦庄,buy,29924.0,3.7975,113635.22
2026-01-21,508078,易商仓储,buy,56900.0,2.897,164841.1
2026-01-21,508087,济南能源,buy,16800.0,11.3266,190287.3
2026-01-21,508016,华电REIT,buy,34500.0,4.4268,152722.9
2026-01-21,508002,百联消费,buy,37100.0,3.168,117531.5
2026-01-21,508011,物美消费,buy,14500.0,4.2793,62050.3
2026-01-21,180101,博时蛇口产园REIT,buy,44100.0,1.9512,86046.9
2026-01-21,180102,华夏合肥高新REIT,buy,32100.0,1.6965,54456.4
2026-01-21,180103,华夏和达高科REIT,buy,25700.0,2.1205,54496.4
2026-01-21,180105,易方达广开产园REIT,buy,46300.0,1.9487,90224.3
2026-01-21,180106,广发成都高投产业园REIT,buy,28000.0,3.5321,98899.4
2026-01-21,180201,平安广州广河REIT,buy,10115.0,8.0543,81469.11
2026-01-21,180202,华夏越秀高速REIT,buy,6242.0,5.2771,32939.9
2026-01-21,180301,红土创新盐田港REIT,buy,36200.0,2.4365,88199.6
2026-01-21,180305,南方顺丰物流REIT,buy,50509.0,4.0928,206722.92
2026-01-21,180401,鹏华深圳能源REIT,buy,10500.0,5.3926,56622.7
2026-01-21,180402,工银蒙能清洁能源REIT,buy,6180.0,6.7554,41748.4
2026-01-21,180501,红土创新深圳安居REIT,buy,24400.0,3.4696,84657.1
2026-01-21,180502,招商基金蛇口租赁住房REIT,buy,73206.0,3.6639,268216.34
2026-01-21,180601,华夏华润商业REIT,buy,35700.0,9.9977,356918.9
2026-01-21,180602,中金印力消费REIT,buy,53700.0,4.2077,225951.9
2026-01-21,180303,华泰宝湾物流REIT,buy,45763.0,4.2333,193727.75
2026-01-21,180605,易方达华威市场REIT,buy,32800.0,5.1364,168472.4
2026-01-21,180603,华夏大悦城商业REIT,buy,41500.0,4.9033,203485.9
2026-01-21,508009,安徽交控,buy,9995.0,6.8812,68777.46
2026-01-21,508008,铁建REIT,buy,12674.0,8.1369,103126.88
2026-01-21,508006,首创水务,buy,58329.0,3.6586,213401.07
2026-01-21,508005,首创奥莱,buy,37000.0,4.212,155844.1
2026-01-21,508003,中金联东,buy,96700.0,3.9905,385880.2
2026-01-21,508015,明阳REIT,buy,5700.0,6.4198,36592.8
2026-01-21,508010,重庆两江,buy,32100.0,3.0145,96765.0
2026-01-21,508000,张江REIT,buy,21800.0,2.6771,58360.7
2026-01-21,180901,南方润泽科技数据中心REIT,buy,47100.0,6.8766,323887.8
2026-01-21,180801,中航首钢绿能REIT,buy,15008.0,12.1238,181953.47
2026-01-21,180701,银华绍兴原水水利REIT,buy,51600.0,3.9602,204347.3
2026-01-21,180607,华夏中海商业REIT,buy,6251.0,5.9619,37267.57
2026-01-21,180606,中金中国绿发商业REIT,buy,23601.0,4.3,101484.31
2026-01-21,508001,浙江杭徽,buy,11433.0,5.7755,66030.84
2026-01-22,508066,苏交REIT,buy,4000.0,5.7742,23096.91
2026-01-22,508060,万国REIT,buy,47800.0,4.7352,226342.57
2026-01-22,508058,厦门安居,buy,38003.0,4.3423,165019.69
2026-01-22,508056,普洛斯,buy,26945.0,3.3214,89495.07
2026-01-22,508055,地产租住,buy,46800.0,3.7245,174307.8
2026-01-22,508048,外高REIT,buy,47200.0,3.8271,180639.9
2026-01-22,508039,首农REIT,buy,6700.0,5.1795,34702.8
2026-01-22,508028,国家电投,buy,5900.0,10.4114,61427.2
2026-01-22,508033,深高REIT,buy,9600.0,6.2697,60189.3
2026-01-22,508031,城投宽庭,buy,55100.0,3.9295,216515.9
2026-01-22,508027,东吴苏园,buy,19631.0,2.9757,58416.38
2026-01-22,508022,津开产园,buy,47100.0,3.5166,165632.1
2026-01-22,508021,临港REIT,buy,15780.0,4.6319,73091.05
2026-01-22,508018,中交REIT,buy,11316.0,5.6054,63430.83
2026-01-22,508036,甬交REIT,buy,14800.0,8.7955,130174.1
2026-01-22,508068,京保REIT,buy,21100.0,4.119,86911.6
2026-01-22,508098,京东仓储,buy,74396.0,3.7545,279322.77
2026-01-22,508077,华润有巢,buy,24400.0,2.9225,71308.71
2026-01-22,508017,金茂商业,buy,48000.0,4.1284,198161.8
2026-01-22,508097,建邺REIT,buy,33300.0,3.0332,101004.0
2026-01-22,508096,京能光伏,buy,6400.0,9.8037,62743.6
2026-01-22,508092,金隅智造,buy,26800.0,4.3144,115626.92
2026-01-22,508091,凯德商业,buy,14600.0,6.8427,99903.66
2026-01-22,508090,外运REIT,buy,185809.0,4.3771,813310.75
2026-01-22,508069,南京交通,buy,24200.0,6.2366,150926.1
2026-01-22,508088,东久REIT,buy,33500.0,4.0036,134120.9
2026-01-22,508086,河北高速,buy,10800.0,5.0084,54090.9
2026-01-22,508085,恒泰租住,buy,27007.0,3.8182,103118.71
2026-01-22,508084,九州通R,buy,64700.0,4.2822,277059.3
2026-01-22,508082,唯品奥莱,buy,22546.0,4.5531,102653.85
2026-01-22,508080,北京亦庄,buy,31608.0,3.8869,122856.52
2026-01-22,508078,易商仓储,buy,59800.0,2.9843,178461.1
2026-01-22,508087,济南能源,buy,16800.0,11.4829,192913.11
2026-01-22,508016,华电REIT,buy,32906.0,4.4336,145890.98
2026-01-22,180901,南方润泽科技数据中心REIT,buy,32000.0,7.1169,227740.1
2026-01-22,508011,物美消费,buy,16200.0,4.324,70048.4
2026-01-22,180501,红土创新深圳安居REIT,buy,49304.0,3.5145,173279.09
2026-01-22,180402,工银蒙能清洁能源REIT,buy,4800.0,6.8117,32696.1
2026-01-22,508015,明阳REIT,buy,6200.0,6.4628,40069.3
2026-01-22,180305,南方顺丰物流REIT,buy,53100.0,4.1868,222319.8
2026-01-22,180303,华泰宝湾物流REIT,buy,35900.0,4.3895,157584.0
2026-01-22,180302,华夏深国际REIT,buy,17900.0,2.9416,52654.4
2026-01-22,180502,招商基金蛇口租赁住房REIT,buy,75000.0,3.7459,280941.4
2026-01-22,180301,红土创新盐田港REIT,buy,47700.0,2.4455,116648.1
2026-01-22,180201,平安广州广河REIT,buy,10800.0,8.099,87468.7
2026-01-22,180106,广发成都高投产业园REIT,buy,24600.0,3.5931,88390.8
2026-01-22,180105,易方达广开产园REIT,buy,51100.0,1.9371,98983.5
2026-01-22,180103,华夏和达高科REIT,buy,29764.0,2.1249,63244.09
2026-01-22,180102,华夏合肥高新REIT,buy,35100.0,1.6847,59133.0
2026-01-22,180101,博时蛇口产园REIT,buy,44024.0,1.9586,86223.76
2026-01-22,180202,华夏越秀高速REIT,buy,9837.0,5.306,52195.36
2026-01-22,180601,华夏华润商业REIT,buy,45600.0,10.1487,462779.9
2026-01-22,180401,鹏华深圳能源REIT,buy,12397.0,5.4269,67276.99
2026-01-22,180603,华夏大悦城商业REIT,buy,48800.0,4.9486,241493.2
2026-01-22,508010,重庆两江,buy,10100.0,3.1276,31588.5
2026-01-22,508009,安徽交控,buy,11904.0,6.9667,82931.01
2026-01-22,180602,中金印力消费REIT,buy,67000.0,4.2546,285057.9
2026-01-22,508006,首创水务,buy,58700.0,3.6758,215766.7
2026-01-22,508005,首创奥莱,buy,42300.0,4.3314,183216.4
2026-01-22,508003,中金联东,buy,55800.0,4.0879,228106.2
2026-01-22,508002,百联消费,buy,27500.0,3.3266,91482.2
2026-01-22,508008,铁建REIT,buy,12500.0,8.1688,102109.4
2026-01-22,508000,张江REIT,buy,25200.0,2.6452,66659.44
2026-01-22,180801,中航首钢绿能REIT,buy,17936.0,12.252,219751.99
2026-01-22,180701,银华绍兴原水水利REIT,buy,54100.0,4.0063,216738.5
2026-01-22,180607,华夏中海商业REIT,buy,4800.0,6.0985,29272.9
2026-01-22,180606,中金中国绿发商业REIT,buy,17800.0,4.3343,77151.1
2026-01-22,180605,易方达华威市场REIT,buy,27702.0,5.2846,146394.12
2026-01-22,508001,浙江杭徽,buy,8200.0,5.8479,47952.6
2026-01-23,508017,金茂商业,sell,99100.0,4.1733,413570.7
2026-01-23,508055,地产租住,buy,219200.0,3.7227,816022.0
2026-01-23,508058,厦门安居,buy,233329.0,4.336,1011716.34
2026-01-23,508060,万国REIT,sell,217500.0,4.7976,1043472.6
2026-01-23,508068,京保REIT,buy,113602.0,4.1347,469714.95
2026-01-23,508085,恒泰租住,buy,146539.0,3.8573,565249.37
2026-01-23,508082,唯品奥莱,sell,137600.0,4.5467,625620.34
2026-01-23,508087,济南能源,buy,102747.0,11.7331,1205542.75
2026-01-23,508091,凯德商业,sell,56200.0,6.9843,392515.8
2026-01-23,508011,物美消费,sell,62200.0,4.3469,270375.7
2026-01-23,508077,华润有巢,buy,163400.0,2.9147,476256.54
2026-01-23,508006,首创水务,buy,210185.0,3.6919,775971.73
2026-01-23,508031,城投宽庭,buy,255500.0,3.9643,1012885.9
2026-01-23,508002,百联消费,sell,487900.0,3.4691,1692553.3
2026-01-23,180501,红土创新深圳安居REIT,buy,157658.0,3.5994,567473.29
2026-01-23,180502,招商基金蛇口租赁住房REIT,buy,467100.0,3.7463,1749890.0
2026-01-23,180601,华夏华润商业REIT,sell,128000.0,10.3352,1322902.2
2026-01-23,180603,华夏大悦城商业REIT,sell,154700.0,4.9818,770685.2
2026-01-23,180605,易方达华威市场REIT,sell,99300.0,5.2283,519173.5
2026-01-23,180602,中金印力消费REIT,sell,265900.0,4.3647,1160586.4
2026-01-23,180607,华夏中海商业REIT,sell,27000.0,6.1026,164770.68
2026-01-23,180701,银华绍兴原水水利REIT,buy,573000.0,4.0651,2329317.5
2026-01-23,180801,中航首钢绿能REIT,buy,209818.0,12.3122,2583325.38
2026-01-23,180901,南方润泽科技数据中心REIT,sell,392540.0,7.0116,2752331.42
2026-01-23,180606,中金中国绿发商业REIT,sell,23900.0,4.2954,102659.5
2026-01-23,508005,首创奥莱,sell,163000.0,4.3353,706655.8
2026-01-26,508039,首农REIT,buy,203200.0,5.2002,1056678.2
2026-01-26,508060,万国REIT,sell,430384.0,4.6792,2013845.31
2026-01-26,508058,厦门安居,sell,70384.0,4.2726,300720.93
2026-01-26,508056,普洛斯,buy,243582.0,3.3394,813415.09
2026-01-26,508055,地产租住,sell,166156.0,3.6604,608198.47
2026-01-26,508048,外高REIT,sell,24900.0,3.8132,94949.6
2026-01-26,508022,津开产园,sell,26100.0,3.4966,91260.5
2026-01-26,508031,城投宽庭,sell,163200.0,3.945,643830.2
2026-01-26,508028,国家电投,buy,48817.0,10.4167,508510.1
2026-01-26,508027,东吴苏园,sell,102200.0,2.9649,303017.1
2026-01-26,508026,电建清源,sell,6800.0,4.0411,27479.4
2026-01-26,508066,苏交REIT,buy,59550.0,5.8748,349843.0
2026-01-26,508021,临港REIT,sell,3800.0,4.5606,17330.2
2026-01-26,508018,中交REIT,buy,96184.0,5.585,537184.51
2026-01-26,508033,深高REIT,sell,7700.0,6.2596,48198.7
2026-01-26,508068,京保REIT,buy,140300.0,4.1236,578534.27
2026-01-26,508084,九州通R,sell,71200.0,4.2305,301212.4
2026-01-26,508077,华润有巢,buy,96628.0,2.8946,279695.11
2026-01-26,508099,中关村,buy,191876.0,1.9992,383595.81
2026-01-26,508098,京东仓储,sell,24300.0,3.7173,90329.3
2026-01-26,508097,建邺REIT,sell,29500.0,3.0248,89232.7
2026-01-26,508096,京能光伏,buy,10203.0,9.664,98602.09
2026-01-26,508092,金隅智造,sell,30000.0,4.3299,129895.6
2026-01-26,508091,凯德商业,sell,29912.0,6.8692,205470.28
2026-01-26,508090,外运REIT,buy,22434.0,4.3947,98589.86
2026-01-26,508069,南京交通,buy,18900.0,6.1823,116844.6
2026-01-26,508089,特变REIT,sell,60800.0,4.8831,296890.1
2026-01-26,508087,济南能源,buy,46700.0,11.7467,548571.4
2026-01-26,508086,河北高速,buy,6300.0,4.9795,31370.6
2026-01-26,508085,恒泰租住,sell,7500.0,3.8149,28611.6
2026-01-26,508017,金茂商业,sell,33200.0,4.0178,133390.2
2026-01-26,508082,唯品奥莱,sell,63600.0,4.5096,286808.1
2026-01-26,508080,北京亦庄,sell,31499.0,3.8988,122808.2
2026-01-26,508078,易商仓储,sell,132800.0,2.9045,385718.6
2026-01-26,508088,东久REIT,sell,243223.0,4.0587,987167.03
2026-01-26,508016,华电REIT,buy,51439.0,4.4266,227700.13
2026-01-26,508036,甬交REIT,sell,26500.0,8.7293,231326.1
2026-01-26,508011,物美消费,sell,41900.0,4.3171,180886.7
2026-01-26,180501,红土创新深圳安居REIT,buy,56404.0,3.5148,198251.05
2026-01-26,180402,工银蒙能清洁能源REIT,buy,9000.0,6.945,62504.9
2026-01-26,180401,鹏华深圳能源REIT,sell,19565.0,5.4225,106090.28
2026-01-26,180305,南方顺丰物流REIT,sell,50500.0,4.2519,214719.0
2026-01-26,180303,华泰宝湾物流REIT,buy,77363.0,4.4623,345216.65
2026-01-26,180302,华夏深国际REIT,sell,2634.0,2.9412,7747.23
2026-01-26,180301,红土创新盐田港REIT,sell,369684.0,2.4358,900489.67
2026-01-26,180203,招商高速公路REIT,buy,24700.0,6.9416,171457.9
2026-01-26,180202,华夏越秀高速REIT,buy,4000.0,5.3454,21381.4
2026-01-26,180201,平安广州广河REIT,buy,5000.0,8.0939,40469.6
2026-01-26,180106,广发成都高投产业园REIT,buy,103100.0,3.5885,369971.2
2026-01-26,180105,易方达广开产园REIT,sell,298900.0,1.9015,568366.4
2026-01-26,180103,华夏和达高科REIT,sell,102382.0,2.1049,215508.44
2026-01-26,180102,华夏合肥高新REIT,buy,343600.0,1.6586,569884.6
2026-01-26,508015,明阳REIT,buy,8200.0,6.5376,53608.0
2026-01-26,180502,招商基金蛇口租赁住房REIT,sell,16700.0,3.7593,62781.1
2026-01-26,180601,华夏华润商业REIT,sell,50200.0,10.2308,513587.6
2026-01-26,180101,博时蛇口产园REIT,sell,12000.0,1.9547,23455.8
2026-01-26,180603,华夏大悦城商业REIT,sell,82300.0,4.9516,407515.1
2026-01-26,180602,中金印力消费REIT,sell,130500.0,4.3554,568382.7
2026-01-26,508009,安徽交控,buy,47778.0,7.1244,340388.46
2026-01-26,508008,铁建REIT,buy,6500.0,8.2079,53351.1
2026-01-26,508007,山东高速,sell,13200.0,7.188,94881.8
2026-01-26,508006,首创水务,buy,9361.0,3.6843,34488.89
2026-01-26,508005,首创奥莱,sell,68500.0,4.2558,291521.7
2026-01-26,508003,中金联东,sell,149300.0,4.0658,607028.0
2026-01-26,508002,百联消费,buy,63600.0,3.4713,220773.5
2026-01-26,508010,重庆两江,sell,30400.0,3.1195,94833.0
2026-01-26,508000,张江REIT,buy,2300.0,2.5706,5912.3
2026-01-26,180901,南方润泽科技数据中心REIT,sell,160200.0,7.0271,1125738.2
2026-01-26,180801,中航首钢绿能REIT,buy,81757.0,12.3003,1005639.09
2026-01-26,180701,银华绍兴原水水利REIT,buy,33500.0,4.0513,135720.2
2026-01-26,180607,华夏中海商业REIT,sell,12900.0,6.0415,77935.0
2026-01-26,180606,中金中国绿发商业REIT,sell,119900.0,4.2486,509408.8
2026-01-26,508001,浙江杭徽,sell,51468.0,5.7587,296390.52
2026-01-26,180605,易方达华威市场REIT,sell,224600.0,5.1336,1153012.12
2026-01-27,508060,万国REIT,sell,415000.0,4.6888,1945831.4
2026-01-27,508058,厦门安居,sell,59397.0,4.263,253208.32
2026-01-27,508056,普洛斯,buy,235900.0,3.3532,791017.1
2026-01-27,508055,地产租住,sell,166724.0,3.6461,607887.68
2026-01-27,508048,外高REIT,sell,23500.0,3.8173,89706.4
2026-01-27,508039,首农REIT,buy,225800.0,5.202,1174618.1
2026-01-27,508027,东吴苏园,sell,103700.0,2.9506,305974.12
2026-01-27,508033,深高REIT,sell,88460.0,6.2596,553724.98
2026-01-27,508028,国家电投,buy,47777.0,10.4208,497874.63
2026-01-27,508026,电建清源,sell,9900.0,4.0769,40361.3
2026-01-27,508022,津开产园,sell,45300.0,3.5109,159042.2
2026-01-27,508018,中交REIT,buy,92770.0,5.6129,520706.8
2026-01-27,508017,金茂商业,sell,9700.0,4.0923,39695.0
2026-01-27,508066,苏交REIT,buy,53700.0,5.8975,316697.1
2026-01-27,508036,甬交REIT,sell,67822.0,8.7208,591459.38
2026-01-27,508068,京保REIT,buy,272400.0,4.1365,1126780.01
2026-01-27,508087,济南能源,buy,20516.0,11.638,238765.09
2026-01-27,508077,华润有巢,buy,452941.0,2.931,1327547.5
2026-01-27,508016,华电REIT,buy,57800.0,4.4411,256696.7
2026-01-27,508098,京东仓储,sell,14900.0,3.6799,54830.3
2026-01-27,508097,建邺REIT,sell,34035.0,3.0446,103621.77
2026-01-27,508096,京能光伏,buy,10507.0,9.7479,102421.18
2026-01-27,508092,金隅智造,sell,28100.0,4.3021,120890.4
2026-01-27,508091,凯德商业,sell,32300.0,6.9013,222910.6
2026-01-27,508090,外运REIT,buy,21607.0,4.344,93860.28
2026-01-27,508089,特变REIT,sell,61000.0,4.8214,294105.6
2026-01-27,508088,东久REIT,sell,256700.0,4.087,1049135.0
2026-01-27,508086,河北高速,buy,5600.0,4.9749,27859.5
2026-01-27,508099,中关村,buy,217314.0,2.0014,434939.53
2026-01-27,508084,九州通R,sell,107195.0,4.261,456753.81
2026-01-27,508082,唯品奥莱,sell,80270.0,4.5262,363316.1
2026-01-27,508080,北京亦庄,sell,24000.0,3.896,93503.8
2026-01-27,508078,易商仓储,sell,99100.0,2.9141,288788.8
2026-01-27,508069,南京交通,buy,10300.0,6.1454,63298.1
2026-01-27,508015,明阳REIT,buy,6300.0,6.5536,41287.4
2026-01-27,180305,南方顺丰物流REIT,sell,54269.0,4.2391,230054.22
2026-01-27,508010,重庆两江,sell,20900.0,3.1168,65140.9
2026-01-27,180502,招商基金蛇口租赁住房REIT,sell,9200.0,3.7517,34515.8
2026-01-27,180501,红土创新深圳安居REIT,buy,46528.0,3.5286,164180.12
2026-01-27,180402,工银蒙能清洁能源REIT,buy,7300.0,7.0445,51424.8
2026-01-27,180401,鹏华深圳能源REIT,sell,19176.0,5.4357,104235.22
2026-01-27,180303,华泰宝湾物流REIT,buy,76700.0,4.4497,341289.39
2026-01-27,180301,红土创新盐田港REIT,sell,378200.0,2.433,920154.65
2026-01-27,180601,华夏华润商业REIT,sell,55600.0,10.2962,572471.4
2026-01-27,180203,招商高速公路REIT,buy,21800.0,6.9192,150839.1
2026-01-27,180201,平安广州广河REIT,buy,4600.0,8.107,37292.3
2026-01-27,180106,广发成都高投产业园REIT,buy,165000.0,3.5916,592617.0
2026-01-27,180105,易方达广开产园REIT,sell,310500.0,1.872,581256.0
2026-01-27,180103,华夏和达高科REIT,sell,101100.0,2.1075,213071.5
2026-01-27,180102,华夏合肥高新REIT,buy,365700.0,1.6397,599641.1
2026-01-27,508011,物美消费,sell,41700.0,4.3136,179877.1
2026-01-27,180202,华夏越秀高速REIT,buy,2500.0,5.3266,13316.6
2026-01-27,180602,中金印力消费REIT,sell,139400.0,4.3519,606648.2
2026-01-27,180101,博时蛇口产园REIT,sell,28952.0,1.9599,56743.5
2026-01-27,180605,易方达华威市场REIT,sell,217098.0,5.1037,1108009.01
2026-01-27,180603,华夏大悦城商业REIT,sell,87300.0,4.9686,433757.2
2026-01-27,508008,铁建REIT,buy,4600.0,8.2072,37753.1
2026-01-27,508007,山东高速,sell,110400.0,7.1165,785662.5
2026-01-27,508006,首创水务,sell,3100.0,3.6832,11417.9
2026-01-27,508003,中金联东,sell,153100.0,4.0581,621296.9
2026-01-27,508002,百联消费,buy,57300.0,3.5085,201034.6
2026-01-27,508005,首创奥莱,sell,69900.0,4.2657,298174.3
2026-01-27,508000,张江REIT,buy,8900.0,2.5449,22649.2
2026-01-27,180901,南方润泽科技数据中心REIT,sell,157800.0,7.0266,1108796.3
2026-01-27,180801,中航首钢绿能REIT,buy,78002.0,12.2471,955298.11
2026-01-27,180701,银华绍兴原水水利REIT,buy,32200.0,4.0642,130866.6
2026-01-27,180607,华夏中海商业REIT,sell,14600.0,6.1243,89414.5
2026-01-27,180606,中金中国绿发商业REIT,sell,82900.0,4.253,352569.6
2026-01-27,508001,浙江杭徽,sell,51276.0,5.771,295915.26
2026-01-27,508009,XD安徽交,buy,48400.0,6.871,332558.1
2026-01-28,508036,甬交REIT,buy,6400.0,8.7088,55736.5
2026-01-28,508066,苏交REIT,buy,5894.0,5.9127,34849.2
2026-01-28,508060,万国REIT,buy,376300.0,4.683,1762203.1
2026-01-28,508056,普洛斯,buy,25500.0,3.377,86113.9
2026-01-28,508048,外高REIT,buy,37000.0,3.8188,141296.2
2026-01-28,508039,首农REIT,buy,83835.0,5.1978,435759.43
2026-01-28,508021,临港REIT,buy,14700.0,4.6349,68132.5
2026-01-28,508028,国家电投,buy,6600.0,10.4142,68733.7
2026-01-28,508027,东吴苏园,buy,11100.0,2.9409,32644.1
2026-01-28,508026,电建清源,buy,21100.0,4.0804,86096.7
2026-01-28,508022,津开产园,buy,49700.0,3.5496,176413.9
2026-01-28,508068,京保REIT,buy,194400.0,4.1425,805305.5
2026-01-28,508018,中交REIT,buy,10448.0,5.6226,58745.1
2026-01-28,508033,深高REIT,buy,3700.0,6.2884,23266.9
2026-01-28,508069,南京交通,buy,21300.0,6.1321,130612.7
2026-01-28,508088,东久REIT,buy,22200.0,4.108,91197.7
2026-01-28,508078,易商仓储,buy,36100.0,2.9185,105356.5
2026-01-28,508080,北京亦庄,buy,28024.0,3.9014,109332.88
2026-01-28,508082,唯品奥莱,buy,18200.0,4.5755,83274.91
2026-01-28,508084,九州通R,buy,30900.0,4.2884,132513.0
2026-01-28,508086,河北高速,buy,8200.0,4.9711,40763.2
2026-01-28,508087,济南能源,buy,14811.0,11.6454,172480.04
2026-01-28,508089,特变REIT,buy,6700.0,4.9186,32954.6
2026-01-28,508091,凯德商业,buy,7600.0,7.0139,53305.8
2026-01-28,508092,金隅智造,buy,26900.0,4.3225,116275.3
2026-01-28,508096,京能光伏,buy,3300.0,9.7862,32294.3
2026-01-28,508097,建邺REIT,buy,46000.0,3.0649,140986.8
2026-01-28,508098,京东仓储,buy,67200.0,3.6802,247307.71
2026-01-28,508099,中关村,buy,62000.0,1.9962,123764.74
2026-01-28,508017,金茂商业,buy,102000.0,4.0843,416599.6
2026-01-28,508077,华润有巢,buy,341048.0,2.9488,1005669.11
2026-01-28,508016,华电REIT,buy,18661.0,4.4445,82937.92
2026-01-28,508090,外运REIT,buy,12400.0,4.3434,53858.7
2026-01-28,508011,物美消费,buy,19894.0,4.3422,86384.04
2026-01-28,508015,明阳REIT,buy,4100.0,6.5867,27005.3
2026-01-28,180102,华夏合肥高新REIT,buy,59000.0,1.6321,96296.7
2026-01-28,180105,易方达广开产园REIT,buy,47000.0,1.846,86760.5
2026-01-28,180106,广发成都高投产业园REIT,buy,48200.0,3.574,172265.6
2026-01-28,180201,平安广州广河REIT,buy,7300.0,8.1014,59139.9
2026-01-28,180202,华夏越秀高速REIT,buy,9342.0,5.3092,49598.66
2026-01-28,180203,招商高速公路REIT,buy,21700.0,6.9359,150509.1
2026-01-28,180301,红土创新盐田港REIT,buy,39000.0,2.436,95005.01
2026-01-28,180302,华夏深国际REIT,buy,9717.0,2.9722,28881.3
2026-01-28,180303,华泰宝湾物流REIT,buy,37700.0,4.4506,167788.9
2026-01-28,180305,南方顺丰物流REIT,buy,42600.0,4.2609,181514.0
2026-01-28,180401,鹏华深圳能源REIT,buy,5700.0,5.4546,31091.1
2026-01-28,180402,工银蒙能清洁能源REIT,buy,3600.0,7.0314,25312.9
2026-01-28,180501,红土创新深圳安居REIT,buy,82603.0,3.5537,293543.7
2026-01-28,180601,华夏华润商业REIT,buy,105600.0,10.2873,1086339.6
2026-01-28,180101,博时蛇口产园REIT,buy,35292.0,1.9664,69398.67
2026-01-28,180603,华夏大悦城商业REIT,buy,32500.0,4.9685,161475.9
2026-01-28,180602,中金印力消费REIT,buy,378600.0,4.3724,1655373.5
2026-01-28,508009,安徽交控,buy,24998.0,6.859,171462.18
2026-01-28,508008,铁建REIT,buy,9300.0,8.2029,76286.72
2026-01-28,508006,首创水务,buy,56133.0,3.6673,205856.35
2026-01-28,508005,首创奥莱,buy,203900.0,4.3036,877509.2
2026-01-28,508003,中金联东,sell,200000.0,4.0516,810320.3
2026-01-28,508002,百联消费,buy,111300.0,3.5198,391749.1
2026-01-28,508010,重庆两江,buy,31873.0,3.1478,100328.57
2026-01-28,508000,张江REIT,buy,19200.0,2.5474,48910.6
2026-01-28,180901,南方润泽科技数据中心REIT,buy,303900.0,7.0412,2139822.1
2026-01-28,180801,中航首钢绿能REIT,buy,102673.0,12.3263,1265577.39
2026-01-28,180701,银华绍兴原水水利REIT,buy,45500.0,4.0817,185716.9
2026-01-28,180607,华夏中海商业REIT,buy,3400.0,6.2088,21109.8
2026-01-28,508001,浙江杭徽,buy,2900.0,5.8209,16880.5
2026-01-28,180605,易方达华威市场REIT,buy,12328.0,5.1549,63549.28
2026-01-29,508056,普洛斯,buy,82300.0,3.4263,281982.5
2026-01-29,508055,地产租住,buy,59760.0,3.7016,221207.86
2026-01-29,508048,外高REIT,buy,83000.0,3.8419,318880.9
2026-01-29,508039,首农REIT,buy,94100.0,5.2,489316.0
2026-01-29,508036,甬交REIT,buy,24300.0,8.7703,213118.1
2026-01-29,508027,东吴苏园,buy,26100.0,2.9822,77834.2
2026-01-29,508028,国家电投,buy,20400.0,10.5445,215108.1
2026-01-29,508026,电建清源,buy,54800.0,4.1128,225383.1
2026-01-29,508022,津开产园,buy,25400.0,3.6395,92442.8
2026-01-29,508021,临港REIT,buy,33800.0,4.6469,157066.7
2026-01-29,508058,厦门安居,buy,117200.0,4.3256,506963.84
2026-01-29,508033,深高REIT,buy,9700.0,6.3004,61113.81
2026-01-29,508066,苏交REIT,buy,17610.0,5.9717,105161.87
2026-01-29,508089,特变REIT,buy,19000.0,4.975,94525.1
2026-01-29,508078,易商仓储,buy,108400.0,2.9721,322172.7
2026-01-29,508080,北京亦庄,buy,74000.0,3.9014,288700.7
2026-01-29,508082,唯品奥莱,buy,54300.0,4.5907,249273.36
2026-01-29,508084,九州通R,buy,110496.0,4.342,479776.12
2026-01-29,508087,济南能源,buy,51127.0,11.635,594864.9
2026-01-29,508088,东久REIT,buy,42282.0,4.1797,176726.39
2026-01-29,508090,外运REIT,buy,29618.0,4.3424,128614.34
2026-01-29,508091,凯德商业,buy,19080.0,7.0909,135293.87
2026-01-29,508092,金隅智造,buy,67806.0,4.3521,295096.52
2026-01-29,508096,京能光伏,buy,12700.0,9.8152,124652.6
2026-01-29,508097,建邺REIT,buy,56800.0,3.1277,177651.4
2026-01-29,508098,京东仓储,buy,156300.0,3.6873,576331.91
2026-01-29,508099,中关村,buy,154589.0,2.0006,309274.38
2026-01-29,508018,中交REIT,buy,38800.0,5.6185,217998.89
2026-01-29,508069,南京交通,buy,28500.0,6.396,182286.8
2026-01-29,508017,金茂商业,buy,47200.0,4.1182,194380.0
2026-01-29,508011,物美消费,buy,24400.0,4.3496,106129.6
2026-01-29,508015,明阳REIT,buy,9500.0,6.6994,63644.2
2026-01-29,508016,华电REIT,buy,68755.0,4.451,306026.01
2026-01-29,180101,博时蛇口产园REIT,buy,84224.0,2.019,170045.23
2026-01-29,180102,华夏合肥高新REIT,buy,119300.0,1.6253,193894.4
2026-01-29,180105,易方达广开产园REIT,buy,60300.0,1.8447,111234.4
2026-01-29,180106,广发成都高投产业园REIT,buy,82000.0,3.599,295118.6
2026-01-29,180201,平安广州广河REIT,buy,20308.0,8.1102,164702.76
2026-01-29,180202,华夏越秀高速REIT,buy,19291.0,5.3238,102700.51
2026-01-29,180203,招商高速公路REIT,buy,44064.0,7.0117,308964.22
2026-01-29,180302,华夏深国际REIT,buy,32200.0,2.9876,96201.2
2026-01-29,180303,华泰宝湾物流REIT,buy,111200.0,4.4366,493352.9
2026-01-29,180305,南方顺丰物流REIT,buy,106499.0,4.3722,465638.8
2026-01-29,180401,鹏华深圳能源REIT,buy,16500.0,5.5458,91505.8
2026-01-29,180402,工银蒙能清洁能源REIT,buy,12903.0,7.1723,92544.29
2026-01-29,180301,红土创新盐田港REIT,buy,86488.0,2.4691,213544.82
2026-01-29,180502,招商基金蛇口租赁住房REIT,buy,186000.0,3.8264,711712.7
2026-01-29,180501,红土创新深圳安居REIT,buy,141100.0,3.5667,503256.6
2026-01-29,508009,安徽交控,buy,32300.0,6.8389,220895.4
2026-01-29,508008,铁建REIT,buy,25018.0,8.2374,206083.98
2026-01-29,508006,首创水务,buy,136678.0,3.6727,501981.96
2026-01-29,508001,浙江杭徽,buy,9862.0,5.9023,58208.75
2026-01-29,508000,张江REIT,buy,41909.0,2.57,107704.77
2026-01-29,508010,重庆两江,buy,40291.0,3.2284,130074.75
2026-01-29,180701,银华绍兴原水水利REIT,buy,138400.0,4.1521,574646.1
2026-01-29,180607,华夏中海商业REIT,buy,8855.0,6.328,56034.65
2026-01-29,180605,易方达华威市场REIT,buy,30504.0,5.2158,159102.16
2026-01-29,180603,华夏大悦城商业REIT,buy,66700.0,4.977,331966.3
2026-01-29,180601,华夏华润商业REIT,buy,21200.0,10.3013,218387.4
2026-01-29,180801,中航首钢绿能REIT,buy,2484.0,12.286,30518.37
2026-01-30,508058,厦门安居,buy,26000.0,4.3085,112020.9
2026-01-30,508056,普洛斯,buy,16900.0,3.4033,57516.6
2026-01-30,508055,地产租住,buy,1800.0,3.6599,6587.9
2026-01-30,508048,外高REIT,buy,2500.0,3.797,9492.5
2026-01-30,508039,首农REIT,buy,3400.0,5.195,17663.0
2026-01-30,508028,国家电投,buy,3900.0,10.5325,41076.9
2026-01-30,508033,深高REIT,buy,1600.0,6.2913,10066.1
2026-01-30,508027,东吴苏园,buy,5700.0,2.9569,16854.1
2026-01-30,508026,电建清源,buy,1300.0,4.1125,5346.2
2026-01-30,508022,津开产园,buy,17800.0,3.696,65788.5
2026-01-30,508069,南京交通,buy,4200.0,6.3775,26785.4
2026-01-30,508036,甬交REIT,buy,265.0,8.769,2323.79
2026-01-30,508078,易商仓储,buy,500.0,2.907,1453.5
2026-01-30,508021,临港REIT,buy,6500.0,4.623,30049.5
2026-01-30,508082,唯品奥莱,buy,15900.0,4.5386,72164.1
2026-01-30,508084,九州通R,buy,1000.0,4.3266,4326.6
2026-01-30,508086,河北高速,buy,10900.0,4.975,54227.5
2026-01-30,508087,济南能源,buy,24300.0,11.6227,282430.8
2026-01-30,508088,东久REIT,buy,8200.0,4.1829,34299.4
2026-01-30,508089,特变REIT,buy,4500.0,4.999,22495.3
2026-01-30,508090,外运REIT,buy,5300.0,4.305,22816.4
2026-01-30,508091,凯德商业,buy,4500.0,7.1267,32070.3
2026-01-30,508096,京能光伏,buy,2600.0,10.0115,26029.8
2026-01-30,508097,建邺REIT,buy,1800.0,3.099,5578.2
2026-01-30,508098,京东仓储,buy,36900.0,3.6486,134633.3
2026-01-30,508099,中关村,buy,102700.0,1.9945,204835.7
2026-01-30,508080,北京亦庄,buy,21500.0,3.9,83850.0
2026-01-30,508018,中交REIT,buy,10300.0,5.6027,57708.2
2026-01-30,180701,银华绍兴原水水利REIT,buy,29700.0,4.1497,123246.1
2026-01-30,508016,华电REIT,buy,13200.0,4.4617,58894.0
2026-01-30,180101,博时蛇口产园REIT,buy,11800.0,2.0165,23794.3
2026-01-30,180102,华夏合肥高新REIT,buy,32800.0,1.622,53201.6
2026-01-30,180105,易方达广开产园REIT,buy,13600.0,1.8302,24890.1
2026-01-30,180106,广发成都高投产业园REIT,buy,11600.0,3.5644,41346.7
2026-01-30,180201,平安广州广河REIT,buy,1200.0,8.11,9732.0
2026-01-30,180301,红土创新盐田港REIT,buy,14800.0,2.4376,36076.1
2026-01-30,180303,华泰宝湾物流REIT,buy,3300.0,4.3929,14496.5
2026-01-30,180305,南方顺丰物流REIT,buy,1503.0,4.3341,6514.21
2026-01-30,180401,鹏华深圳能源REIT,buy,2700.0,5.541,14960.8
2026-01-30,180402,工银蒙能清洁能源REIT,buy,100.0,7.246,724.6
2026-01-30,180501,红土创新深圳安居REIT,buy,38100.0,3.534,134646.5
2026-01-30,180502,招商基金蛇口租赁住房REIT,buy,38500.0,3.7966,146167.8
2026-01-30,180202,华夏越秀高速REIT,buy,2000.0,5.3399,10679.8
2026-01-30,180603,华夏大悦城商业REIT,buy,17100.0,4.967,84935.3
2026-01-30,180601,华夏华润商业REIT,buy,13700.0,10.2737,140749.5
2026-01-30,508015,明阳REIT,buy,1900.0,6.6995,12729.1
2026-01-30,508010,重庆两江,buy,5500.0,3.2133,17673.2
2026-01-30,508009,安徽交控,buy,9000.0,6.8129,61316.0
2026-01-30,508006,首创水务,buy,17800.0,3.6844,65581.9
2026-01-30,508008,铁建REIT,buy,6500.0,8.3186,54071.1
2026-01-30,508000,张江REIT,buy,7400.0,2.5863,19138.3
2026-01-30,180801,中航首钢绿能REIT,buy,7800.0,12.306,95987.1
2026-01-30,508017,金茂商业,buy,1500.0,4.084,6126.0
2026-01-30,180606,中金中国绿发商业REIT,buy,3000.0,4.2501,12750.2
2026-01-30,180605,易方达华威市场REIT,buy,6600.0,5.2304,34520.4
2026-01-30,508001,浙江杭徽,buy,2308.0,5.9157,13653.52
2026-02-02,508060,万国REIT,buy,25800.0,4.5884,118379.8
2026-02-02,508039,首农REIT,buy,94400.0,5.104,481821.9
2026-02-02,508058,厦门安居,buy,6800.0,4.2781,29090.8
2026-02-02,508056,普洛斯,buy,102700.0,3.3396,342972.6
2026-02-02,508055,地产租住,buy,14610.0,3.6287,53014.71
2026-02-02,508048,外高REIT,buy,82600.0,3.8222,315713.2
2026-02-02,508036,甬交REIT,buy,19300.0,8.8057,169950.1
2026-02-02,508021,临港REIT,buy,49000.0,4.5767,224258.7
2026-02-02,508031,城投宽庭,buy,68100.0,3.9443,268608.0
2026-02-02,508028,国家电投,buy,16241.0,10.4782,170176.92
2026-02-02,508026,电建清源,buy,43100.0,4.1062,176977.7
2026-02-02,508022,津开产园,buy,13700.0,3.6141,49513.0
2026-02-02,508018,中交REIT,buy,29928.0,5.5788,166963.08
2026-02-02,508066,苏交REIT,buy,23600.0,6.0349,142423.1
2026-02-02,508033,深高REIT,buy,8200.0,6.298,51643.6
2026-02-02,508068,京保REIT,buy,56900.0,4.1172,234269.7
2026-02-02,508096,京能光伏,buy,9300.0,9.926,92312.2
2026-02-02,508078,易商仓储,buy,151400.0,2.8854,436843.8
2026-02-02,508099,中关村,buy,160612.0,1.9908,319744.37
2026-02-02,508098,京东仓储,buy,170700.0,3.6578,624378.2
2026-02-02,508097,建邺REIT,buy,57800.0,3.0321,175254.0
2026-02-02,508017,金茂商业,buy,69800.0,4.0006,279240.3
2026-02-02,508092,金隅智造,buy,300.0,4.242,1272.6
2026-02-02,508091,凯德商业,buy,28126.0,6.8464,192561.09
2026-02-02,508090,外运REIT,buy,63900.0,4.2505,271610.08
2026-02-02,508089,特变REIT,buy,22900.0,4.9843,114140.5
2026-02-02,508088,东久REIT,buy,46511.0,4.0902,190237.63
2026-02-02,508087,济南能源,buy,1500.0,11.5569,17335.3
2026-02-02,508086,河北高速,buy,20900.0,4.9849,104184.1
2026-02-02,508085,恒泰租住,buy,20200.0,3.77,76153.1
2026-02-02,508084,九州通R,buy,21100.0,4.2647,89986.1
2026-02-02,508082,唯品奥莱,buy,190901.0,4.4276,845242.7
2026-02-02,508080,北京亦庄,buy,13300.0,3.8679,51443.0
2026-02-02,508069,南京交通,buy,46000.0,6.3455,291894.7
2026-02-02,508016,华电REIT,buy,53824.0,4.466,240378.08
2026-02-02,508027,东吴苏园,buy,30600.0,2.9536,90381.0
2026-02-02,508011,物美消费,buy,12000.0,4.2858,51430.1
2026-02-02,180501,红土创新深圳安居REIT,buy,109000.0,3.5336,385166.4
2026-02-02,180401,鹏华深圳能源REIT,buy,20800.0,5.5257,114935.2
2026-02-02,180305,南方顺丰物流REIT,buy,63100.0,4.3034,271544.8
2026-02-02,180303,华泰宝湾物流REIT,buy,78000.0,4.3174,336754.5
2026-02-02,180302,华夏深国际REIT,buy,22500.0,2.945,66262.8
2026-02-02,180301,红土创新盐田港REIT,buy,61700.0,2.4359,150293.3
2026-02-02,180203,招商高速公路REIT,buy,22000.0,7.23,159060.0
2026-02-02,180202,华夏越秀高速REIT,buy,25821.0,5.3178,137310.26
2026-02-02,180201,平安广州广河REIT,buy,23716.0,8.0332,190515.13
2026-02-02,180106,广发成都高投产业园REIT,buy,111215.0,3.549,394697.12
2026-02-02,180105,易方达广开产园REIT,buy,65500.0,1.8235,119437.3
2026-02-02,180103,华夏和达高科REIT,buy,1500.0,2.1486,3222.9
2026-02-02,180102,华夏合肥高新REIT,buy,151800.0,1.6251,246689.0
2026-02-02,180101,博时蛇口产园REIT,buy,68800.0,1.9887,136823.4
2026-02-02,508015,明阳REIT,buy,6800.0,6.662,45301.6
2026-02-02,180502,招商基金蛇口租赁住房REIT,buy,84200.0,3.7802,318290.0
2026-02-02,180601,华夏华润商业REIT,buy,124500.0,10.0703,1253753.5
2026-02-02,180402,工银蒙能清洁能源REIT,buy,3408.0,7.1492,24364.32
2026-02-02,180605,易方达华威市场REIT,buy,47900.0,5.0322,241040.7
2026-02-02,508009,安徽交控,buy,39863.0,6.7261,268123.9
2026-02-02,508008,铁建REIT,buy,24245.0,8.3637,202778.81
2026-02-02,508007,山东高速,buy,2300.0,7.1811,16516.6
2026-02-02,508006,首创水务,buy,175800.0,3.6762,646282.62
2026-02-02,180603,华夏大悦城商业REIT,buy,71500.0,4.8313,345435.7
2026-02-02,508005,首创奥莱,buy,80100.0,4.1981,336270.7
2026-02-02,508003,中金联东,buy,40200.0,4.0334,162143.3
2026-02-02,508002,百联消费,buy,185800.0,3.4578,642466.5
2026-02-02,508000,张江REIT,buy,47837.0,2.609,124808.07
2026-02-02,180901,南方润泽科技数据中心REIT,buy,29800.0,6.9583,207356.8
2026-02-02,180801,中航首钢绿能REIT,buy,52400.0,12.1953,639032.0
2026-02-02,180701,银华绍兴原水水利REIT,buy,41600.0,4.0991,170522.7
2026-02-02,180607,华夏中海商业REIT,buy,11900.0,6.1838,73586.8
2026-02-02,180606,中金中国绿发商业REIT,buy,70400.0,4.1543,292459.4
2026-02-02,508001,浙江杭徽,buy,11500.0,5.848,67252.0
2026-02-02,508010,重庆两江,buy,35100.0,3.1723,111346.3
2026-02-03,508068,京保REIT,buy,243600.0,4.1218,1004081.4
2026-02-03,508055,地产租住,buy,41500.0,3.6419,151137.5
2026-02-03,508058,厦门安居,buy,126900.0,4.286,543896.9
2026-02-03,508087,济南能源,buy,6100.0,11.3989,69533.5
2026-02-03,508084,九州通R,buy,63109.0,4.2693,269428.48
2026-02-03,508085,恒泰租住,buy,12500.0,3.7705,47131.2
2026-02-03,508039,首农REIT,buy,32900.0,5.1634,169875.98
2026-02-03,508077,华润有巢,buy,265100.0,2.9298,776688.4
2026-02-03,508031,城投宽庭,buy,201200.0,3.9398,792696.8
2026-02-03,180502,招商基金蛇口租赁住房REIT,buy,132800.0,3.7576,499012.0
2026-02-03,508010,重庆两江,buy,9900.0,3.1567,31251.3
2026-02-03,508006,首创水务,buy,271512.0,3.6851,1000547.04
2026-02-03,204001,GC001,other,256910.0,1.465,25691000.0
2026-02-03,180801,中航首钢绿能REIT,buy,35269.0,12.2209,431018.88
2026-02-03,180701,银华绍兴原水水利REIT,buy,38800.0,4.0979,158997.6
2026-02-03,180501,红土创新深圳安居REIT,buy,177504.0,3.5293,626463.02
2026-02-03,180106,广发成都高投产业园REIT,buy,193200.0,3.565,688751.95
2026-02-03,508022,津开产园,buy,23400.0,3.6971,86513.1
2026-02-04,508058,厦门安居,buy,38103.0,4.2952,163661.36
2026-02-04,508055,地产租住,buy,64800.0,3.7034,239977.6
2026-02-04,508048,外高REIT,buy,16400.0,3.8182,62619.2
2026-02-04,508021,临港REIT,buy,15019.0,4.6234,69438.84
2026-02-04,508027,东吴苏园,buy,9900.0,2.9305,29012.4
2026-02-04,508022,津开产园,buy,41300.0,3.7245,153820.03
2026-02-04,508060,万国REIT,buy,51800.0,4.6049,238534.7
2026-02-04,508017,金茂商业,buy,167400.0,4.0416,676562.0
2026-02-04,508039,首农REIT,buy,16602.0,5.1506,85510.29
2026-02-04,508080,北京亦庄,buy,48400.0,3.8997,188747.6
2026-02-04,508087,济南能源,buy,21800.0,11.5344,251449.0
2026-02-04,508084,九州通R,buy,11200.0,4.2628,47743.9
2026-02-04,508085,恒泰租住,buy,86100.0,3.823,329162.6
2026-02-04,508088,东久REIT,buy,20500.0,4.1033,84117.0
2026-02-04,508090,外运REIT,buy,57100.0,4.2338,241751.3
2026-02-04,508091,凯德商业,buy,35700.0,6.8749,245432.8
2026-02-04,508092,金隅智造,buy,48500.0,4.2535,206292.4
2026-02-04,508097,建邺REIT,buy,28800.0,2.9955,86269.0
2026-02-04,508098,京东仓储,buy,138400.0,3.583,495886.7
2026-02-04,508099,中关村,buy,60607.0,1.9983,121111.87
2026-02-04,508011,物美消费,buy,50800.0,4.3829,222652.2
2026-02-04,508082,唯品奥莱,buy,56000.0,4.4382,248541.1
2026-02-04,508010,重庆两江,buy,16600.0,3.136,52057.8
2026-02-04,180103,华夏和达高科REIT,buy,13111.0,2.1528,28224.84
2026-02-04,508005,首创奥莱,buy,54300.0,4.222,229253.4
2026-02-04,508006,首创水务,buy,194500.0,3.6895,717616.97
2026-02-04,180102,华夏合肥高新REIT,buy,37600.0,1.613,60649.6
2026-02-04,180105,易方达广开产园REIT,buy,30300.0,1.8206,55163.9
2026-02-04,180301,红土创新盐田港REIT,buy,9900.0,2.4261,24018.7
2026-02-04,180302,华夏深国际REIT,buy,7400.0,2.9497,21827.5
2026-02-04,180303,华泰宝湾物流REIT,buy,27600.0,4.3254,119380.7
2026-02-04,180305,南方顺丰物流REIT,buy,16700.0,4.2904,71649.4
2026-02-04,180501,红土创新深圳安居REIT,buy,29038.0,3.536,102679.35
2026-02-04,180502,招商基金蛇口租赁住房REIT,buy,158100.0,3.7886,598976.7
2026-02-04,180601,华夏华润商业REIT,buy,96100.0,10.1374,974199.6
2026-02-04,180101,博时蛇口产园REIT,buy,46872.0,2.0107,94244.04
2026-02-04,180603,华夏大悦城商业REIT,buy,103400.0,4.8463,501110.6
2026-02-04,180605,易方达华威市场REIT,buy,43900.0,5.1115,224396.4
2026-02-04,180606,中金中国绿发商业REIT,buy,31695.0,4.2318,134126.36
2026-02-04,180607,华夏中海商业REIT,buy,15800.0,6.2127,98160.2
2026-02-04,180701,银华绍兴原水水利REIT,buy,335100.0,4.1171,1379623.9
2026-02-04,180801,中航首钢绿能REIT,buy,38031.0,12.2432,465619.51
2026-02-04,180901,南方润泽科技数据中心REIT,buy,10503.0,6.974,73247.92
2026-02-04,508000,张江REIT,buy,11300.0,2.6461,29900.51
2026-02-04,508003,中金联东,buy,6500.0,4.0395,26256.9
2026-02-04,508002,百联消费,buy,43600.0,3.4502,150430.1
2026-02-04,180602,中金印力消费REIT,buy,240400.0,4.2451,1020529.7
2026-02-09,204001,GC001,other,406490.0,1.6002,40649000.0
2026-02-10,508058,厦门安居,buy,46200.0,4.2029,194173.7
2026-02-10,508056,普洛斯,buy,29700.0,3.3867,100585.2
2026-02-10,508055,地产租住,buy,27000.0,3.7151,100307.4
2026-02-10,508031,城投宽庭,buy,43600.0,3.9076,170370.7
2026-02-10,508039,首农REIT,buy,19600.0,5.1345,100635.6
2026-02-10,508036,甬交REIT,buy,7200.0,8.9659,64554.5
2026-02-10,508060,万国REIT,buy,43800.0,4.5566,199578.8
2026-02-10,508048,外高REIT,buy,22800.0,3.745,85386.8
2026-02-10,508068,京保REIT,buy,48800.0,4.1089,200514.8
2026-02-10,508087,济南能源,buy,7800.0,11.3051,88179.7
2026-02-10,508078,易商仓储,buy,34500.0,2.8983,99991.5
2026-02-10,508080,北京亦庄,buy,25800.0,3.8989,100591.38
2026-02-10,508084,九州通R,buy,47400.0,4.2529,201588.67
2026-02-10,508085,恒泰租住,buy,25800.0,3.7408,96513.9
2026-02-10,508088,东久REIT,buy,24537.0,4.0597,99611.92
2026-02-10,508090,外运REIT,buy,45903.0,4.3605,200157.78
2026-02-10,508092,金隅智造,buy,23900.0,4.1669,99588.6
2026-02-10,508097,建邺REIT,buy,31900.0,2.9846,95209.7
2026-02-10,508026,电建清源,buy,12007.0,4.1099,49347.95
2026-02-10,508098,京东仓储,buy,56800.0,3.5686,202693.8
2026-02-10,508069,南京交通,buy,15600.0,6.4747,101005.4
2026-02-10,508022,津开产园,buy,26700.0,3.6995,98775.7
2026-02-10,508028,国家电投,buy,8020.0,10.4404,83731.76
2026-02-10,508018,中交REIT,buy,18000.0,5.565,100169.3
2026-02-10,508021,临港REIT,buy,19300.0,4.5556,87923.2
2026-02-10,180101,博时蛇口产园REIT,buy,48900.0,1.994,97506.6
2026-02-10,180102,华夏合肥高新REIT,buy,62000.0,1.614,100065.8
2026-02-10,180106,广发成都高投产业园REIT,buy,19700.0,3.5638,70207.5
2026-02-10,180203,招商高速公路REIT,buy,5900.0,7.1373,42110.0
2026-02-10,180301,红土创新盐田港REIT,buy,38388.0,2.4242,93060.25
2026-02-10,180303,华泰宝湾物流REIT,buy,46400.0,4.3123,200089.3
2026-02-10,180305,南方顺丰物流REIT,buy,47300.0,4.2845,202655.4
2026-02-10,180501,红土创新深圳安居REIT,buy,50400.0,3.5248,177647.9
2026-02-10,180502,招商基金蛇口租赁住房REIT,buy,80600.0,3.713,299265.9
2026-02-10,180201,平安广州广河REIT,buy,12400.0,8.0648,100003.3
2026-02-10,180801,中航首钢绿能REIT,buy,21830.0,12.1839,265974.95
2026-02-10,180901,南方润泽科技数据中心REIT,buy,29000.0,6.8943,199934.3
2026-02-10,204001,GC001,other,352050.0,1.63,35205000.0
2026-02-10,508003,中金联东,buy,25000.0,3.9695,99238.7
2026-02-10,508006,首创水务,buy,30064.0,3.6858,110811.01
2026-02-10,508008,铁建REIT,buy,12000.0,8.3908,100689.0
2026-02-10,508009,安徽交控,buy,15200.0,6.6625,101269.9
2026-02-10,508010,重庆两江,buy,5500.0,3.2141,17677.5
2026-02-10,180701,银华绍兴原水水利REIT,buy,28500.0,4.128,117647.2
2026-02-10,508016,华电REIT,buy,6500.0,4.3772,28452.1
2026-02-11,508058,厦门安居,buy,47526.0,4.2431,201658.4
2026-02-11,508056,普洛斯,buy,29499.0,3.4156,100757.59
2026-02-11,508055,地产租住,buy,42000.0,3.7507,157530.8
2026-02-11,508048,外高REIT,buy,53400.0,3.7659,201098.09
2026-02-11,508039,首农REIT,buy,19428.0,5.176,100558.9
2026-02-11,508026,电建清源,buy,24300.0,4.1338,100452.2
2026-02-11,508031,城投宽庭,buy,51000.0,3.946,201244.7
2026-02-11,508028,国家电投,buy,9600.0,10.4098,99933.8
2026-02-11,508022,津开产园,buy,26900.0,3.7275,100269.4
2026-02-11,508021,临港REIT,buy,21000.0,4.5676,95919.2
2026-02-11,508060,万国REIT,buy,43800.0,4.6134,202068.5
2026-02-11,508036,甬交REIT,buy,11159.0,9.0017,100449.99
2026-02-11,508068,京保REIT,buy,48800.0,4.1157,200844.7
2026-02-11,508092,金隅智造,buy,23986.0,4.2038,100832.91
2026-02-11,508078,易商仓储,buy,34500.0,2.9073,100300.4
2026-02-11,508080,北京亦庄,buy,25600.0,3.9182,100305.7
2026-02-11,508082,唯品奥莱,buy,22300.0,4.5189,100771.3
2026-02-11,508084,九州通R,buy,46800.0,4.2826,200427.0
2026-02-11,508085,恒泰租住,buy,26700.0,3.7831,101009.7
2026-02-11,508087,济南能源,buy,13400.0,11.3961,152708.2
2026-02-11,508088,东久REIT,buy,24600.0,4.0802,100372.1
2026-02-11,508090,外运REIT,buy,45700.0,4.3888,200567.5
2026-02-11,508091,凯德商业,buy,14501.0,6.8914,99932.51
2026-02-11,508096,京能光伏,buy,10000.0,9.9862,99861.8
2026-02-11,508097,建邺REIT,buy,19600.0,3.0028,58854.4
2026-02-11,508098,京东仓储,buy,56400.0,3.5519,200326.5
2026-02-11,508018,中交REIT,buy,18000.0,5.5601,100082.0
2026-02-11,508069,南京交通,buy,15500.0,6.502,100780.9
2026-02-11,508017,金茂商业,buy,49900.0,4.0385,201521.6
2026-02-11,180501,红土创新深圳安居REIT,buy,84973.0,3.5698,303334.59
2026-02-11,508011,物美消费,buy,22900.0,4.4094,100975.5
2026-02-11,508016,华电REIT,buy,22747.0,4.4058,100218.15
2026-02-11,180101,博时蛇口产园REIT,buy,50200.0,1.9937,100083.68
2026-02-11,180102,华夏合肥高新REIT,buy,61900.0,1.616,100028.8
2026-02-11,180106,广发成都高投产业园REIT,buy,28100.0,3.5833,100690.1
2026-02-11,180201,平安广州广河REIT,buy,12308.0,8.0955,99639.14
2026-02-11,180301,红土创新盐田港REIT,buy,41184.0,2.4442,100661.55
2026-02-11,180303,华泰宝湾物流REIT,buy,46300.0,4.3123,199659.3
2026-02-11,180305,南方顺丰物流REIT,buy,46700.0,4.3151,201515.18
2026-02-11,180502,招商基金蛇口租赁住房REIT,buy,94600.0,3.7798,357565.7
2026-02-11,180601,华夏华润商业REIT,buy,38800.0,10.1687,394545.6
2026-02-11,180602,中金印力消费REIT,buy,47800.0,4.2177,201603.8
2026-02-11,180603,华夏大悦城商业REIT,buy,40900.0,4.911,200860.6
2026-02-11,180605,易方达华威市场REIT,buy,19600.0,5.1336,100618.4
2026-02-11,180203,招商高速公路REIT,buy,13958.0,7.1839,100273.54
2026-02-11,180701,银华绍兴原水水利REIT,buy,72700.0,4.1274,300062.9
2026-02-11,508010,重庆两江,buy,31191.0,3.2755,102165.52
2026-02-11,180606,中金中国绿发商业REIT,buy,23340.0,4.2803,99902.42
2026-02-11,508009,安徽交控,buy,15000.0,6.6834,100250.9
2026-02-11,508006,首创水务,buy,81365.0,3.6892,300170.79
2026-02-11,508005,首创奥莱,buy,23600.0,4.2398,100058.6
2026-02-11,508003,中金联东,buy,13800.0,4.0029,55239.8
2026-02-11,508008,铁建REIT,buy,11829.0,8.4078,99456.26
2026-02-11,508000,张江REIT,buy,38100.0,2.6266,100074.0
2026-02-11,204001,GC001,other,263680.0,1.535,26368000.0
2026-02-11,180901,南方润泽科技数据中心REIT,buy,29000.0,7.0108,203314.1
2026-02-11,180801,中航首钢绿能REIT,buy,24552.0,12.1762,298949.12
2026-02-11,508002,百联消费,buy,29100.0,3.4377,100037.9
2026-02-12,204001,GC001,other,268070.0,1.29,26807000.0
2026-02-13,131810,Ｒ-001,other,269560.0,1.48,26956000.0
2026-02-24,204001,GC001,other,269570.0,1.73,26957000.0
2026-02-26,508056,普洛斯,sell,90924.0,3.3815,307459.06
2026-02-26,508058,厦门安居,sell,166100.0,4.184,694962.2
2026-02-26,508036,甬交REIT,buy,53200.0,9.0141,479549.9
2026-02-26,508055,地产租住,sell,47686.0,3.6832,175638.14
2026-02-26,508048,外高REIT,sell,10800.0,3.7382,40372.9
2026-02-26,508039,首农REIT,sell,48296.0,5.0992,246272.9
2026-02-26,508033,深高REIT,buy,31300.0,6.4092,200606.5
2026-02-26,508018,中交REIT,buy,106400.0,5.5355,588980.75
2026-02-26,508028,国家电投,sell,63067.0,10.3825,654795.02
2026-02-26,508027,东吴苏园,buy,16600.0,2.8428,47189.8
2026-02-26,508026,电建清源,sell,120800.0,4.0932,494453.9
2026-02-26,508022,津开产园,buy,7200.0,3.5938,25875.7
2026-02-26,508021,临港REIT,sell,23400.0,4.4807,104847.7
2026-02-26,508060,万国REIT,sell,238900.0,4.6728,1116320.3
2026-02-26,508017,金茂商业,buy,103700.0,3.9337,407922.5
2026-02-26,508031,城投宽庭,sell,72800.0,3.8839,282750.9
2026-02-26,508066,苏交REIT,buy,45500.0,6.1764,281028.21
2026-02-26,508096,京能国际,sell,74844.0,9.9925,747882.18
2026-02-26,508069,南京交通,buy,23400.0,6.5612,153532.1
2026-02-26,508099,中关村,buy,104600.0,1.9956,208742.2
2026-02-26,508098,京东仓储,sell,204105.0,3.59,732742.02
2026-02-26,508097,建邺REIT,buy,35800.0,2.9451,105435.4
2026-02-26,508016,华电REIT,sell,107400.0,4.4168,474362.51
2026-02-26,508092,金隅智造,buy,28100.0,4.128,115997.8
2026-02-26,508090,外运REIT,sell,11500.0,4.3746,50308.1
2026-02-26,508089,特变REIT,sell,152900.0,4.9515,757088.9
2026-02-26,508088,东久REIT,sell,30400.0,3.9948,121440.6
2026-02-26,508087,济南能源,buy,27900.0,11.3773,317427.3
2026-02-26,508086,河北高速,buy,82200.0,5.003,411243.4
2026-02-26,508085,恒泰租住,sell,40600.0,3.7314,151496.8
2026-02-26,508084,九州通R,sell,38500.0,4.2127,162189.2
2026-02-26,508082,唯品奥莱,buy,47155.0,4.453,209980.2
2026-02-26,508078,易商仓储,sell,82200.0,2.9064,238903.0
2026-02-26,508077,华润有巢,sell,228599.0,2.8666,655305.42
2026-02-26,508068,京保REIT,sell,198200.0,4.0778,808215.93
2026-02-26,508015,明阳REIT,sell,90000.0,6.8304,614735.7
2026-02-26,508091,凯德商业,buy,40060.0,6.8477,274318.06
2026-02-26,508010,重庆两江,buy,17000.0,3.1936,54290.4
2026-02-26,180502,招商基金蛇口租赁住房REIT,sell,82300.0,3.6501,300401.6
2026-02-26,180501,红土创新深圳安居REIT,sell,199592.0,3.496,697782.14
2026-02-26,180402,工银蒙能清洁能源REIT,sell,49625.0,7.1416,354399.99
2026-02-26,180401,鹏华深圳能源REIT,sell,151700.0,5.5396,840357.59
2026-02-26,180305,南方顺丰物流REIT,sell,52300.0,4.2499,222270.9
2026-02-26,180303,华泰宝湾物流REIT,sell,16600.0,4.3102,71550.0
2026-02-26,180302,华夏深国际REIT,buy,13400.0,2.9659,39742.8
2026-02-26,180301,红土创新盐田港REIT,sell,65000.0,2.4403,158616.3
2026-02-26,180203,招商高速公路REIT,buy,97900.0,7.2848,713186.1
2026-02-26,180202,华夏越秀高速REIT,buy,57300.0,5.3761,308051.2
2026-02-26,180201,平安广州广河REIT,buy,44782.0,8.114,363360.7
2026-02-26,180106,广发成都高投产业园REIT,sell,90100.0,3.5511,319952.2
2026-02-26,508011,物美消费,buy,38300.0,4.4098,168896.8
2026-02-26,180102,华夏合肥高新REIT,sell,105700.0,1.6003,169154.8
2026-02-26,180101,博时蛇口产园REIT,sell,64000.0,1.9824,126872.3
2026-02-26,180601,华夏华润商业REIT,buy,84300.0,10.1565,856193.7
2026-02-26,180602,中金印力消费REIT,buy,68400.0,4.2139,288229.4
2026-02-26,180105,易方达广开产园REIT,buy,28200.0,1.8057,50920.8
2026-02-26,180605,易方达华威市场REIT,buy,46400.0,5.1728,240015.7
2026-02-26,180603,华夏大悦城商业REIT,buy,61600.0,4.8001,295688.0
2026-02-26,508008,铁建REIT,buy,47026.0,8.4466,397207.99
2026-02-26,508007,山东高速,buy,28600.0,7.1168,203539.1
2026-02-26,508006,首创水务,buy,53200.0,3.6862,196103.3
2026-02-26,508005,首创奥莱,buy,73000.0,4.1912,305957.6
2026-02-26,508003,中金联东,buy,14300.0,3.948,56456.1
2026-02-26,508002,百联消费,buy,51500.0,3.3695,173529.5
2026-02-26,508009,安徽交控,buy,76210.0,6.7102,511384.18
2026-02-26,508000,张江REIT,sell,30200.0,2.5796,77904.0
2026-02-26,204001,GC001,other,289000.0,1.515,28900000.0
2026-02-26,180901,南方润泽科技数据中心REIT,sell,230800.0,7.1904,1659538.2
2026-02-26,180801,中航首钢绿能REIT,buy,47118.0,12.1658,573228.44
2026-02-26,180701,银华绍兴原水水利REIT,buy,158400.0,4.0382,639654.3
2026-02-26,180607,华夏中海商业REIT,buy,24010.0,6.1503,147668.19
2026-02-26,508001,浙江杭徽,buy,33304.0,5.8885,196109.95
2026-02-26,180606,中金中国绿发商业REIT,buy,18000.0,4.2073,75732.0
2026-02-27,508068,京保REIT,sell,240200.0,4.0583,974797.09
2026-02-27,508066,苏交REIT,sell,7500.0,6.1792,46344.3
2026-02-27,508060,万国REIT,sell,7100.0,4.6492,33009.0
2026-02-27,508058,厦门安居,sell,249397.0,4.1601,1037519.22
2026-02-27,508055,地产租住,sell,58198.0,3.6612,213073.7
2026-02-27,508031,城投宽庭,sell,81200.0,3.8766,314779.1
2026-02-27,508039,首农REIT,sell,4486.0,5.0846,22809.31
2026-02-27,508036,甬交REIT,sell,3300.0,9.0101,29733.2
2026-02-27,508028,国家电投,sell,69893.0,10.3028,720091.58
2026-02-27,508026,电建清源,sell,121000.0,4.1014,496275.0
2026-02-27,508022,津开产园,sell,15100.0,3.607,54466.0
2026-02-27,508069,南京交通,buy,29300.0,6.5656,192372.5
2026-02-27,508048,外高REIT,sell,16200.0,3.7411,60605.2
2026-02-27,508077,华润有巢,sell,325046.0,2.8421,923829.19
2026-02-27,508089,特变REIT,sell,14300.0,4.9081,70186.5
2026-02-27,508080,北京亦庄,sell,8186.0,3.8931,31868.78
2026-02-27,508084,九州通R,sell,23300.0,4.2214,98358.9
2026-02-27,508085,恒泰租住,sell,88570.0,3.711,328683.92
2026-02-27,508086,河北高速,sell,2600.0,5.0023,13006.0
2026-02-27,508087,济南能源,buy,18100.0,11.3409,205270.6
2026-02-27,508088,东久REIT,buy,6400.0,3.9663,25384.1
2026-02-27,508090,外运REIT,sell,16499.0,4.389,72413.71
2026-02-27,508091,凯德商业,buy,10300.0,6.8482,70536.3
2026-02-27,508092,金隅智造,buy,59100.0,4.1093,242860.6
2026-02-27,508096,京能国际,sell,39100.0,9.997,390881.42
2026-02-27,508097,建邺REIT,buy,8400.0,2.8717,24122.5
2026-02-27,508098,京东仓储,sell,54800.0,3.5874,196588.8
2026-02-27,508099,中关村,sell,8600.0,1.9897,17111.6
2026-02-27,508078,易商仓储,sell,15500.0,2.8922,44828.7
2026-02-27,508018,中交REIT,sell,4900.0,5.5192,27044.21
2026-02-27,508011,物美消费,buy,15900.0,4.4085,70095.6
2026-02-27,508016,华电REIT,sell,118600.0,4.3726,518592.7
2026-02-27,508017,金茂商业,buy,133800.0,3.965,530517.9
2026-02-27,180101,博时蛇口产园REIT,sell,8237.0,1.9824,16328.69
2026-02-27,180103,华夏和达高科REIT,sell,5900.0,2.1568,12725.3
2026-02-27,180106,广发成都高投产业园REIT,sell,108200.0,3.4967,378339.2
2026-02-27,180201,平安广州广河REIT,sell,3100.0,8.0972,25101.2
2026-02-27,180202,华夏越秀高速REIT,sell,2733.0,5.359,14646.15
2026-02-27,180203,招商高速公路REIT,buy,11200.0,7.306,81826.8
2026-02-27,180303,华泰宝湾物流REIT,sell,19200.0,4.3214,82971.5
2026-02-27,180305,南方顺丰物流REIT,sell,7200.0,4.2429,30549.1
2026-02-27,180402,工银蒙能清洁能源REIT,sell,52900.0,7.0187,371288.0
2026-02-27,180501,红土创新深圳安居REIT,sell,235788.0,3.4652,817058.34
2026-02-27,180502,招商基金蛇口租赁住房REIT,sell,150600.0,3.6315,546897.7
2026-02-27,180601,华夏华润商业REIT,buy,2600.0,10.1365,26354.8
2026-02-27,180602,中金印力消费REIT,sell,21100.0,4.2139,88914.1
2026-02-27,180301,红土创新盐田港REIT,sell,10100.0,2.4326,24569.4
2026-02-27,180607,华夏中海商业REIT,buy,5300.0,6.1366,32524.1
2026-02-27,180603,华夏大悦城商业REIT,buy,73000.0,4.7888,349583.4
2026-02-27,508009,安徽交控,sell,6900.0,6.6995,46226.8
2026-02-27,508008,铁建REIT,sell,4498.0,8.4492,38004.3
2026-02-27,508007,山东高速,sell,1900.0,7.1063,13502.0
2026-02-27,508005,首创奥莱,sell,11300.0,4.1709,47131.1
2026-02-27,508003,中金联东,buy,30400.0,3.9412,119813.6
2026-02-27,508010,重庆两江,buy,17100.0,3.1397,53689.7
2026-02-27,508000,张江REIT,sell,6600.0,2.5731,16982.6
2026-02-27,204001,GC001,other,350480.0,1.61,35048000.0
2026-02-27,180901,南方润泽科技数据中心REIT,sell,7100.0,7.1785,50967.2
2026-02-27,180801,中航首钢绿能REIT,buy,53640.0,12.1737,652997.16
2026-02-27,180701,银华绍兴原水水利REIT,buy,164800.0,3.9775,655493.5
2026-02-27,508002,百联消费,sell,15600.0,3.3621,52449.3
2026-03-03,508060,万国REIT,buy,76600.0,4.6215,354009.8
2026-03-03,508058,厦门安居,buy,61900.0,4.1017,253897.76
2026-03-03,508056,普洛斯,buy,61200.0,3.3566,205424.8
2026-03-03,508099,中关村,buy,36200.0,1.9977,72316.2
2026-03-03,508048,外高REIT,buy,83250.0,3.7121,309028.75
2026-03-03,508039,首农REIT,buy,62600.0,5.0013,313082.5
2026-03-03,508036,甬交REIT,buy,12000.0,8.9274,107128.2
2026-03-03,508022,津开产园,buy,70700.0,3.6073,255038.4
2026-03-03,508027,东吴苏园,buy,14300.0,2.8514,40775.1
2026-03-03,508021,临港REIT,buy,36300.0,4.5046,163516.2
2026-03-03,508018,中交REIT,buy,33295.0,5.5278,184048.47
2026-03-03,508017,金茂商业,buy,142300.0,3.9964,568681.5
2026-03-03,508015,明阳REIT,buy,3300.0,6.8555,22623.2
2026-03-03,508033,深高REIT,buy,7600.0,6.3696,48409.3
2026-03-03,508066,苏交REIT,buy,14000.0,6.1738,86433.5
2026-03-03,508098,京东仓储,buy,122400.0,3.5425,433605.2
2026-03-03,508078,易商仓储,buy,102400.0,2.8754,294437.8
2026-03-03,508080,北京亦庄,buy,54300.0,3.895,211500.9
2026-03-03,508082,唯品奥莱,buy,54700.0,4.4779,244942.8
2026-03-03,508084,九州通R,buy,105700.0,4.1495,438607.3
2026-03-03,508086,河北高速,buy,17300.0,4.9904,86333.1
2026-03-03,508087,济南能源,buy,20200.0,11.2018,226276.4
2026-03-03,508088,东久REIT,buy,46900.0,3.9661,186011.8
2026-03-03,508089,特变REIT,buy,7100.0,4.9888,35420.5
2026-03-03,508090,外运REIT,buy,39216.0,4.3353,170011.68
2026-03-03,508091,凯德商业,buy,26700.0,6.7706,180773.8
2026-03-03,508092,金隅智造,buy,62600.0,4.1883,262184.7
2026-03-03,508096,京能国际,buy,6500.0,10.05,65325.09
2026-03-03,508097,建邺REIT,buy,112300.0,2.9134,327171.8
2026-03-03,508011,物美消费,buy,2400.0,4.4512,10682.8
2026-03-03,508069,南京交通,buy,55500.0,6.5674,364492.0
2026-03-03,508010,重庆两江,buy,67491.0,3.115,210234.89
2026-03-03,180607,华夏中海商业REIT,buy,5200.0,6.08,31616.0
2026-03-03,508008,铁建REIT,buy,20600.0,8.4229,173511.2
2026-03-03,508009,安徽交控,buy,38000.0,6.5974,250700.4
2026-03-03,180101,博时蛇口产园REIT,buy,74300.0,1.9778,146952.0
2026-03-03,180102,华夏合肥高新REIT,buy,79600.0,1.5999,127349.4
2026-03-03,180103,华夏和达高科REIT,buy,21800.0,2.1845,47621.3
2026-03-03,180105,易方达广开产园REIT,buy,63300.0,1.7632,111609.3
2026-03-03,180106,广发成都高投产业园REIT,buy,107700.0,3.4528,371865.5
2026-03-03,180201,平安广州广河REIT,buy,18200.0,8.0813,147079.4
2026-03-03,180203,招商高速公路REIT,buy,43800.0,7.2622,318086.1
2026-03-03,180301,红土创新盐田港REIT,buy,72900.0,2.433,177366.4
2026-03-03,180302,华夏深国际REIT,buy,14700.0,2.9694,43649.9
2026-03-03,180303,华泰宝湾物流REIT,buy,82963.0,4.34,360062.02
2026-03-03,180305,南方顺丰物流REIT,buy,38800.0,4.2299,164121.2
2026-03-03,180401,鹏华深圳能源REIT,buy,7900.0,5.507,43505.4
2026-03-03,180402,工银蒙能清洁能源REIT,buy,8500.0,6.999,59491.9
2026-03-03,180202,华夏越秀高速REIT,buy,20211.0,5.3212,107546.79
2026-03-03,180602,中金印力消费REIT,buy,98000.0,4.1922,410838.6
2026-03-03,180601,华夏华润商业REIT,buy,69600.0,10.0693,700821.9
2026-03-03,508007,山东高速,buy,7689.0,7.1119,54683.05
2026-03-03,508006,首创水务,buy,86112.0,3.6879,317573.42
2026-03-03,508005,首创奥莱,buy,73400.0,4.1411,303957.5
2026-03-03,508003,中金联东,buy,45500.0,3.9796,181073.0
2026-03-03,508001,浙江杭徽,buy,12300.0,5.7004,70114.6
2026-03-03,508000,张江REIT,buy,37800.0,2.5556,96602.8
2026-03-03,508002,百联消费,buy,61900.0,3.3689,208533.0
2026-03-03,180901,南方润泽科技数据中心REIT,buy,38000.0,7.1093,270153.6
2026-03-03,180801,中航首钢绿能REIT,buy,67053.0,12.1006,811379.73
2026-03-03,180701,银华绍兴原水水利REIT,buy,200600.0,4.0736,817168.6
2026-03-03,180606,中金中国绿发商业REIT,buy,33209.0,4.204,139611.78
2026-03-03,180605,易方达华威市场REIT,buy,23700.0,5.1473,121991.0
2026-03-03,180603,华夏大悦城商业REIT,buy,76500.0,4.8091,367896.9
2026-03-05,508048,外高REIT,buy,46938.0,3.7015,173738.77
2026-03-05,508060,万国REIT,sell,772100.0,4.5568,3518295.8
2026-03-05,508058,厦门安居,buy,298000.0,4.1094,1224588.2
2026-03-05,508056,普洛斯,buy,88800.0,3.345,297036.1
2026-03-05,508055,地产租住,buy,18200.0,3.6736,66859.1
2026-03-05,508066,苏交REIT,buy,23824.0,6.1426,146340.46
2026-03-05,508039,首农REIT,buy,28300.0,4.9998,141494.63
2026-03-05,508021,临港REIT,buy,19600.0,4.4307,86842.4
2026-03-05,508033,深高REIT,buy,14400.0,6.3414,91316.8
2026-03-05,508031,城投宽庭,sell,42700.0,3.8396,163949.7
2026-03-05,508028,国家电投,sell,80800.0,10.4491,844290.9
2026-03-05,508027,东吴苏园,buy,14400.0,2.8443,40958.3
2026-03-05,508026,电建清源,sell,322700.0,4.1024,1323841.3
2026-03-05,508022,津开产园,buy,27600.0,3.6106,99651.3
2026-03-05,508068,京保REIT,buy,131800.0,3.9891,525768.8
2026-03-05,508036,甬交REIT,buy,44400.0,8.9176,395939.7
2026-03-05,508069,南京交通,buy,44400.0,6.6038,293209.0
2026-03-05,508097,建邺REIT,buy,4000.0,2.8688,11475.1
2026-03-05,508078,易商仓储,buy,96700.0,2.8688,277412.5
2026-03-05,508099,中关村,buy,31622.0,1.9852,62775.14
2026-03-05,508098,京东仓储,buy,143316.0,3.5165,503974.99
2026-03-05,508017,金茂商业,sell,115600.0,3.9258,453823.3
2026-03-05,508096,京能国际,sell,28189.0,10.0105,282185.69
2026-03-05,508092,金隅智造,buy,15700.0,4.1414,65019.3
2026-03-05,508091,凯德商业,sell,27700.0,6.735,186558.4
2026-03-05,508090,外运REIT,buy,54100.0,4.2773,231402.81
2026-03-05,508089,特变REIT,sell,45000.0,4.9991,224958.0
2026-03-05,508088,东久REIT,buy,19000.0,3.9385,74831.2
2026-03-05,508087,济南能源,buy,26000.0,11.1493,289882.5
2026-03-05,508086,河北高速,buy,28100.0,4.998,140443.6
2026-03-05,508085,恒泰租住,buy,30400.0,3.6955,112342.59
2026-03-05,508084,九州通R,buy,84000.0,4.1527,348827.4
2026-03-05,508082,唯品奥莱,sell,66300.0,4.4459,294760.8
2026-03-05,508080,北京亦庄,buy,14500.0,3.8959,56490.0
2026-03-05,508077,华润有巢,buy,270600.0,2.8174,762391.2
2026-03-05,508016,华电REIT,sell,150729.0,4.3206,651245.28
2026-03-05,508018,中交REIT,buy,47048.0,5.5552,261362.96
2026-03-05,508011,物美消费,sell,12000.0,4.3741,52489.6
2026-03-05,180502,招商基金蛇口租赁住房REIT,buy,116900.0,3.6709,429125.2
2026-03-05,180501,红土创新深圳安居REIT,buy,290204.0,3.3881,983226.91
2026-03-05,180402,工银蒙能清洁能源REIT,sell,32200.0,7.0566,227223.0
2026-03-05,180401,鹏华深圳能源REIT,sell,38700.0,5.4731,211808.9
2026-03-05,180305,南方顺丰物流REIT,buy,171905.0,4.1837,719196.49
2026-03-05,180303,华泰宝湾物流REIT,buy,84190.0,4.3413,365496.96
2026-03-05,180302,华夏深国际REIT,buy,36300.0,2.9726,107906.5
2026-03-05,180601,华夏华润商业REIT,sell,78200.0,9.9927,781428.8
2026-03-05,180301,红土创新盐田港REIT,buy,75956.0,2.4262,184283.99
2026-03-05,180202,华夏越秀高速REIT,buy,28552.0,5.3213,151933.05
2026-03-05,180201,平安广州广河REIT,buy,26124.0,8.1048,211730.47
2026-03-05,180106,广发成都高投产业园REIT,buy,37100.0,3.4457,127834.8
2026-03-05,180105,易方达广开产园REIT,buy,48300.0,1.7415,84116.8
2026-03-05,180103,华夏和达高科REIT,buy,10500.0,2.1871,22964.7
2026-03-05,180102,华夏合肥高新REIT,buy,52500.0,1.5906,83504.4
2026-03-05,508015,明阳REIT,sell,24700.0,6.9229,170996.1
2026-03-05,180203,招商高速公路REIT,buy,62800.0,7.2378,454534.2
2026-03-05,180602,中金印力消费REIT,sell,96400.0,4.1875,403679.5
2026-03-05,180101,博时蛇口产园REIT,buy,51552.0,1.9727,101695.27
2026-03-05,180605,易方达华威市场REIT,sell,25700.0,5.0541,129891.6
2026-03-05,180603,华夏大悦城商业REIT,sell,73000.0,4.7414,346118.6
2026-03-05,508009,安徽交控,buy,48200.0,6.4641,311568.8
2026-03-05,508008,铁建REIT,buy,36484.0,8.4487,308243.27
2026-03-05,508007,山东高速,buy,11188.0,7.1469,79959.2
2026-03-05,508006,首创水务,buy,96478.0,3.6818,355213.33
2026-03-05,508005,首创奥莱,sell,71200.0,4.1198,293328.3
2026-03-05,508003,中金联东,buy,42200.0,3.9501,166696.0
2026-03-05,508010,重庆两江,buy,4700.0,3.1099,14616.5
2026-03-05,508001,浙江杭徽,buy,19004.0,5.6734,107816.48
2026-03-05,508000,张江REIT,buy,16600.0,2.5656,42589.4
2026-03-05,180901,南方润泽科技数据中心REIT,sell,515908.0,6.954,3587619.55
2026-03-05,180801,中航首钢绿能REIT,buy,77662.0,12.1086,940379.19
2026-03-05,180701,银华绍兴原水水利REIT,buy,243300.0,4.0339,981452.4
2026-03-05,180607,华夏中海商业REIT,sell,3300.0,5.9612,19672.1
2026-03-05,180606,中金中国绿发商业REIT,sell,29700.0,4.1462,123142.1
2026-03-05,508002,百联消费,sell,72800.0,3.3498,243865.0
2026-03-10,508066,苏交REIT,buy,20400.0,6.1246,124942.5
2026-03-10,508060,万国REIT,buy,44600.0,4.4693,199333.0
2026-03-10,508058,厦门安居,buy,139700.0,4.094,571935.12
2026-03-10,508056,普洛斯,buy,103100.0,3.3258,342890.5
2026-03-10,508055,地产租住,buy,57060.0,3.661,208893.86
2026-03-10,508048,外高REIT,buy,1700.0,3.6486,6202.7
2026-03-10,508039,首农REIT,buy,20600.0,4.9501,101971.1
2026-03-10,508031,城投宽庭,buy,126288.0,3.8218,482648.9
2026-03-10,508033,深高REIT,buy,11540.0,6.3732,73547.22
2026-03-10,508028,国家电投,buy,7602.0,10.521,79980.86
2026-03-10,508027,东吴苏园,buy,37393.0,2.8164,105314.54
2026-03-10,508026,电建清源,buy,26733.0,4.1093,109855.21
2026-03-10,508022,津开产园,buy,98800.0,3.5718,352891.9
2026-03-10,508068,京保REIT,buy,137200.0,3.959,543169.0
2026-03-10,508021,临港REIT,buy,64135.0,4.4085,282739.11
2026-03-10,508036,甬交REIT,buy,38700.0,8.8092,340914.2
2026-03-10,508069,南京交通,buy,50600.0,6.5251,330169.4
2026-03-10,508087,济南能源,buy,14000.0,11.1609,156253.2
2026-03-10,508078,易商仓储,buy,148300.0,2.8431,421631.4
2026-03-10,508018,中交REIT,buy,40731.0,5.5416,225713.72
2026-03-10,508099,中关村,buy,63306.0,1.9728,124890.48
2026-03-10,508098,京东仓储,buy,209500.0,3.4752,728046.5
2026-03-10,508097,建邺REIT,buy,122365.0,2.7506,336579.17
2026-03-10,508096,京能国际,buy,5800.0,10.0837,58485.5
2026-03-10,508092,金隅智造,buy,96484.0,4.0966,395258.94
2026-03-10,508091,凯德商业,buy,34400.0,6.7181,231101.6
2026-03-10,508090,外运REIT,buy,98400.0,4.3438,427428.0
2026-03-10,508089,特变REIT,buy,9200.0,4.9688,45713.4
2026-03-10,508088,东久REIT,buy,68000.0,3.9266,267008.5
2026-03-10,508086,河北高速,buy,23700.0,5.0539,119776.9
2026-03-10,508085,恒泰租住,buy,123300.0,3.6208,446448.37
2026-03-10,508084,九州通R,buy,143500.0,4.109,589643.3
2026-03-10,508082,唯品奥莱,buy,68776.0,4.445,305709.05
2026-03-10,508080,北京亦庄,buy,62900.0,3.8053,239354.71
2026-03-10,508077,华润有巢,buy,136200.0,2.813,383132.9
2026-03-10,508017,金茂商业,buy,242400.0,3.8463,932354.5
2026-03-10,180102,华夏合肥高新REIT,buy,41500.0,1.5648,64940.3
2026-03-10,508011,物美消费,buy,12800.0,4.3075,55136.4
2026-03-10,180502,招商基金蛇口租赁住房REIT,buy,247800.0,3.5869,888828.7
2026-03-10,180501,红土创新深圳安居REIT,buy,195000.0,3.4029,663560.23
2026-03-10,180402,工银蒙能清洁能源REIT,buy,5600.0,7.0689,39585.9
2026-03-10,180401,鹏华深圳能源REIT,buy,9900.0,5.4792,54243.8
2026-03-10,180303,华泰宝湾物流REIT,buy,113000.0,4.3275,489011.5
2026-03-10,180301,红土创新盐田港REIT,buy,88388.0,2.4372,215422.79
2026-03-10,180601,华夏华润商业REIT,buy,101000.0,10.0307,1013104.7
2026-03-10,180203,招商高速公路REIT,buy,33400.0,7.3157,244344.3
2026-03-10,180201,平安广州广河REIT,buy,26800.0,8.1085,217307.9
2026-03-10,180106,广发成都高投产业园REIT,buy,143400.0,3.3601,481838.5
2026-03-10,180105,易方达广开产园REIT,buy,77500.0,1.7385,134735.8
2026-03-10,180103,华夏和达高科REIT,buy,52000.0,2.1608,112362.5
2026-03-10,180101,博时蛇口产园REIT,buy,106824.0,1.9775,211240.88
2026-03-10,508015,明阳REIT,buy,5100.0,6.9023,35201.8
2026-03-10,180202,华夏越秀高速REIT,buy,20500.0,5.3596,109872.2
2026-03-10,180602,中金印力消费REIT,buy,119500.0,4.1794,499443.0
2026-03-10,180302,华夏深国际REIT,buy,9200.0,2.958,27213.6
2026-03-10,180605,易方达华威市场REIT,buy,44400.0,5.0839,225726.0
2026-03-10,508010,重庆两江,buy,20500.0,2.9698,60881.1
2026-03-10,180603,华夏大悦城商业REIT,buy,133600.0,4.6594,622502.3
2026-03-10,508008,铁建REIT,buy,24705.0,8.4519,208804.64
2026-03-10,508007,山东高速,buy,10800.0,7.1373,77083.2
2026-03-10,508006,首创水务,buy,118500.0,3.6805,436136.57
2026-03-10,508005,XD首创奥,buy,140200.0,4.0342,565598.8
2026-03-10,508003,中金联东,buy,100.0,3.997,399.7
2026-03-10,508002,百联消费,buy,101100.0,3.2967,333297.7
2026-03-10,508009,安徽交控,buy,65700.0,6.3946,420124.71
2026-03-10,508000,张江REIT,buy,56700.0,2.5513,144656.58
2026-03-10,180901,南方润泽科技数据中心REIT,buy,45800.0,6.9685,319155.6
2026-03-10,180801,中航首钢绿能REIT,buy,84439.0,12.1459,1025591.62
2026-03-10,180701,银华绍兴原水水利REIT,buy,284200.0,4.0153,1141161.1
2026-03-10,180607,华夏中海商业REIT,buy,19600.0,5.9112,115858.8
2026-03-10,180606,中金中国绿发商业REIT,buy,51700.0,4.1246,213239.3
2026-03-10,508001,浙江杭徽,buy,13400.0,5.6548,75773.7
2026-03-11,508066,苏交REIT,buy,2855.0,6.1788,17640.47
2026-03-11,508060,万国REIT,buy,4000.0,4.4861,17944.3
2026-03-11,508058,厦门安居,buy,8700.0,4.0713,35420.6
2026-03-11,508056,普洛斯,buy,10708.0,3.3217,35568.82
2026-03-11,508055,地产租住,buy,34900.0,3.657,127629.1
2026-03-11,508048,外高REIT,buy,45200.0,3.7027,167359.8
2026-03-11,508039,首农REIT,buy,19900.0,5.0056,99611.51
2026-03-11,508036,甬交REIT,buy,3800.0,8.8323,33562.8
2026-03-11,508028,国家电投,buy,1200.0,10.545,12654.0
2026-03-11,508031,城投宽庭,buy,10800.0,3.791,40943.2
2026-03-11,508099,中关村,buy,8700.0,1.9733,17168.15
2026-03-11,508027,东吴苏园,buy,2400.0,2.8173,6761.6
2026-03-11,508026,电建清源,buy,2800.0,4.0943,11464.1
2026-03-11,508022,津开产园,buy,17200.0,3.5611,61250.5
2026-03-11,508021,临港REIT,buy,4100.0,4.3443,17811.6
2026-03-11,508033,深高REIT,buy,1600.0,6.3928,10228.5
2026-03-11,508068,京保REIT,buy,10500.0,3.9324,41290.3
2026-03-11,508098,京东仓储,buy,18600.0,3.4304,63805.7
2026-03-11,508077,华润有巢,buy,8800.0,2.7818,24480.1
2026-03-11,508018,中交REIT,buy,6730.0,5.557,37398.75
2026-03-11,508097,建邺REIT,buy,21900.0,2.752,60268.5
2026-03-11,508096,京能国际,buy,600.0,10.0642,6038.5
2026-03-11,508092,金隅智造,buy,9200.0,4.084,37572.4
2026-03-11,508091,凯德商业,buy,4489.0,6.5987,29621.66
2026-03-11,508090,外运REIT,buy,39219.0,4.2425,166387.86
2026-03-11,508089,特变REIT,buy,900.0,4.9792,4481.3
2026-03-11,508088,东久REIT,buy,4200.0,3.9145,16440.7
2026-03-11,508087,济南能源,buy,18600.0,11.2088,208482.9
2026-03-11,508086,河北高速,buy,2500.0,5.0446,12611.6
2026-03-11,508085,恒泰租住,buy,54500.0,3.6025,196335.9
2026-03-11,508084,九州通R,buy,6300.0,4.1195,25952.6
2026-03-11,508082,唯品奥莱,buy,8601.0,4.3982,37828.59
2026-03-11,508080,北京亦庄,buy,31400.0,3.8068,119533.0
2026-03-11,508078,易商仓储,buy,14900.0,2.84,42316.5
2026-03-11,508069,南京交通,buy,11300.0,6.4623,73024.3
2026-03-11,508017,金茂商业,buy,10300.0,3.8219,39365.7
2026-03-11,508003,中金联东,buy,45100.0,3.9598,178586.2
2026-03-11,508011,物美消费,buy,13999.0,4.3601,61037.59
2026-03-11,180501,红土创新深圳安居REIT,buy,14600.0,3.3789,49331.8
2026-03-11,180402,工银蒙能清洁能源REIT,buy,900.0,7.0632,6356.9
2026-03-11,180401,鹏华深圳能源REIT,buy,900.0,5.4693,4922.4
2026-03-11,180305,南方顺丰物流REIT,buy,48300.0,4.1881,202283.0
2026-03-11,180303,华泰宝湾物流REIT,buy,15163.0,4.2932,65098.41
2026-03-11,180302,华夏深国际REIT,buy,13200.0,2.9611,39086.7
2026-03-11,180301,红土创新盐田港REIT,buy,12100.0,2.4347,29459.4
2026-03-11,180203,招商高速公路REIT,buy,6500.0,7.3442,47737.4
2026-03-11,180202,华夏越秀高速REIT,buy,2800.0,5.3571,14999.8
2026-03-11,180201,平安广州广河REIT,buy,3208.0,8.0935,25964.03
2026-03-11,180106,广发成都高投产业园REIT,buy,10900.0,3.3567,36588.2
2026-03-11,180105,易方达广开产园REIT,buy,6600.0,1.7335,11440.8
2026-03-11,180103,华夏和达高科REIT,buy,3400.0,2.1331,7252.4
2026-03-11,180102,华夏合肥高新REIT,buy,49600.0,1.5588,77315.8
2026-03-11,508015,明阳REIT,buy,700.0,6.8679,4807.5
2026-03-11,180502,招商基金蛇口租赁住房REIT,buy,89800.0,3.593,322650.3
2026-03-11,180601,华夏华润商业REIT,buy,8600.0,9.9916,85927.6
2026-03-11,180101,博时蛇口产园REIT,buy,9600.0,1.947,18691.1
2026-03-11,180603,华夏大悦城商业REIT,buy,9500.0,4.6637,44304.7
2026-03-11,180602,中金印力消费REIT,buy,14300.0,4.1678,59599.5
2026-03-11,508009,安徽交控,buy,4000.0,6.3462,25384.9
2026-03-11,508008,铁建REIT,buy,4700.0,8.4214,39580.5
2026-03-11,508007,山东高速,buy,1300.0,7.1168,9251.9
2026-03-11,508005,首创奥莱,buy,6700.0,4.0166,26911.4
2026-03-11,508002,百联消费,buy,8100.0,3.2521,26342.2
2026-03-11,508001,浙江杭徽,buy,2100.0,5.6282,11819.31
2026-03-11,508006,首创水务,buy,84500.0,3.6958,312294.77
2026-03-11,180901,南方润泽科技数据中心REIT,buy,2000.0,7.0384,14076.7
2026-03-11,180801,中航首钢绿能REIT,buy,36943.0,12.1698,449589.21
2026-03-11,180701,银华绍兴原水水利REIT,buy,35800.0,4.0092,143528.4
2026-03-11,180607,华夏中海商业REIT,buy,1100.0,5.9061,6496.7
2026-03-11,180606,中金中国绿发商业REIT,buy,3100.0,4.1114,12745.4
2026-03-11,180605,易方达华威市场REIT,buy,4400.0,5.038,22167.0
2026-03-11,508000,张江REIT,buy,5600.0,2.5139,14077.7
2026-03-11,508010,重庆两江,buy,50800.0,2.917,148186.1
2026-03-13,508039,首农REIT,buy,17200.0,4.9679,85447.8
2026-03-13,508060,万国REIT,sell,27300.0,4.4635,121854.12
2026-03-13,508058,厦门安居,sell,419740.0,4.0532,1701306.58
2026-03-13,508056,普洛斯,buy,135400.0,3.3102,448205.8
2026-03-13,508055,地产租住,sell,55800.0,3.5982,200777.2
2026-03-13,508048,外高REIT,buy,187100.0,3.6985,691991.5
2026-03-13,508022,津开产园,buy,27300.0,3.4671,94651.3
2026-03-13,508033,深高REIT,buy,22800.0,6.469,147493.8
2026-03-13,508031,城投宽庭,sell,355900.0,3.7704,1341893.9
2026-03-13,508028,国家电投,buy,50020.0,10.5988,530151.8
2026-03-13,508027,东吴苏园,sell,12600.0,2.8204,35537.5
2026-03-13,508026,电建清源,buy,137900.0,4.0879,563716.4
2026-03-13,508066,苏交REIT,buy,45593.0,6.1895,282197.82
2026-03-13,508021,临港REIT,sell,8200.0,4.3269,35480.4
2026-03-13,508036,甬交REIT,buy,47700.0,8.8423,421777.6
2026-03-13,508068,京保REIT,sell,366900.0,3.9367,1444384.7
2026-03-13,508086,河北高速,buy,55100.0,5.0568,278629.6
2026-03-13,508077,华润有巢,sell,353000.0,2.7641,975715.75
2026-03-13,508018,中交REIT,buy,104004.0,5.5625,578520.35
2026-03-13,508099,中关村,sell,11073.0,1.9687,21799.54
2026-03-13,508098,京东仓储,buy,829800.0,3.3002,2738481.2
2026-03-13,508097,建邺REIT,buy,7900.0,2.7571,21781.08
2026-03-13,508096,京能国际,buy,31177.0,10.0336,312819.19
2026-03-13,508092,金隅智造,sell,21900.0,4.0674,89077.1
2026-03-13,508069,南京交通,buy,36200.0,6.4399,233124.3
2026-03-13,508090,外运REIT,buy,218800.0,4.09,894881.9
2026-03-13,508087,济南能源,buy,25503.0,11.2566,287077.04
2026-03-13,508085,恒泰租住,sell,49296.0,3.572,176083.94
2026-03-13,508084,九州通R,buy,41500.0,4.1767,173332.6
2026-03-13,508082,唯品奥莱,sell,6300.0,4.3879,27643.8
2026-03-13,508080,北京亦庄,buy,40000.0,3.8019,152076.6
2026-03-13,508078,易商仓储,buy,180100.0,2.8371,510961.2
2026-03-13,508089,特变REIT,buy,51100.0,4.9582,253361.6
2026-03-13,508017,金茂商业,sell,59500.0,3.8445,228747.7
2026-03-13,508088,东久REIT,sell,27399.0,3.9363,107849.87
2026-03-13,508015,明阳REIT,buy,28000.0,6.7484,188955.8
2026-03-13,180501,红土创新深圳安居REIT,sell,500000.0,3.3698,1684923.5
2026-03-13,180402,工银蒙能清洁能源REIT,buy,35700.0,7.0465,251559.1
2026-03-13,180401,鹏华深圳能源REIT,buy,44612.0,5.4937,245083.23
2026-03-13,180305,南方顺丰物流REIT,buy,240490.0,4.1829,1005955.76
2026-03-13,180303,华泰宝湾物流REIT,buy,70000.0,4.2289,296025.3
2026-03-13,180302,华夏深国际REIT,buy,76200.0,2.9684,226190.1
2026-03-13,180502,招商基金蛇口租赁住房REIT,sell,317394.0,3.5395,1123412.68
2026-03-13,180301,红土创新盐田港REIT,buy,40628.0,2.428,98645.8
2026-03-13,180201,平安广州广河REIT,buy,56324.0,8.1175,457211.71
2026-03-13,180106,广发成都高投产业园REIT,sell,20900.0,3.3426,69860.2
2026-03-13,180105,易方达广开产园REIT,sell,25500.0,1.7402,44373.9
2026-03-13,180102,华夏合肥高新REIT,buy,86100.0,1.548,133279.5
2026-03-13,180101,博时蛇口产园REIT,buy,25000.0,1.8985,47463.0
2026-03-13,508016,华电REIT,sell,77895.0,4.2646,332194.14
2026-03-13,180203,招商高速公路REIT,buy,123900.0,7.347,910296.6
2026-03-13,180601,华夏华润商业REIT,sell,33400.0,10.0211,334703.4
2026-03-13,180202,华夏越秀高速REIT,buy,52485.0,5.3876,282769.84
2026-03-13,180603,华夏大悦城商业REIT,sell,32300.0,4.663,150616.3
2026-03-13,508011,物美消费,buy,11100.0,4.3332,48098.2
2026-03-13,180602,中金印力消费REIT,sell,40900.0,4.1652,170355.6
2026-03-13,508010,重庆两江,buy,103700.0,2.9367,304534.0
2026-03-13,508009,安徽交控,buy,91895.0,6.3748,585815.52
2026-03-13,508008,铁建REIT,buy,74844.0,8.3589,625610.1
2026-03-13,508006,首创水务,sell,69600.0,3.6875,256650.0
2026-03-13,508005,首创奥莱,sell,39500.0,4.0345,159364.2
2026-03-13,508007,山东高速,buy,25023.0,7.0621,176716.0
2026-03-13,508001,浙江杭徽,buy,31708.0,5.69,180419.67
2026-03-13,180901,南方润泽科技数据中心REIT,sell,30000.0,7.0342,211026.84
2026-03-13,180801,中航首钢绿能REIT,sell,25521.0,12.0646,307901.29
2026-03-13,180701,银华绍兴原水水利REIT,sell,228100.0,3.9552,902179.6
2026-03-13,180607,华夏中海商业REIT,sell,7700.0,5.9391,45731.1
2026-03-13,508003,中金联东,buy,38300.0,3.9427,151003.7
2026-03-13,180605,易方达华威市场REIT,sell,8100.0,5.0177,40643.5
2026-03-13,180606,中金中国绿发商业REIT,sell,17893.0,4.1236,73783.8
2026-03-18,508058,厦门安居,buy,84022.0,4.1001,344499.55
2026-03-18,508056,普洛斯,buy,2900.0,3.2321,9373.2
2026-03-18,508055,地产租住,buy,82400.0,3.5583,293206.7
2026-03-18,508033,深高REIT,buy,4200.0,6.4582,27124.3
2026-03-18,508031,城投宽庭,buy,65000.0,3.7335,242678.9
2026-03-18,508060,万国REIT,buy,17751.0,4.5023,79920.04
2026-03-18,508028,国家电投,buy,3100.0,10.604,32872.4
2026-03-18,508039,首农REIT,buy,27700.0,4.9992,138478.6
2026-03-18,508066,苏交REIT,buy,251467.0,6.1947,1557774.4
2026-03-18,508089,特变REIT,buy,4700.0,4.9407,23221.4
2026-03-18,508077,华润有巢,buy,63600.0,2.7577,175391.2
2026-03-18,508082,唯品奥莱,buy,108945.0,4.4056,479966.09
2026-03-18,508084,九州通R,buy,44600.0,4.1584,185462.7
2026-03-18,508085,恒泰租住,buy,73000.0,3.53,257691.4
2026-03-18,508086,河北高速,buy,9600.0,5.0545,48522.9
2026-03-18,508087,济南能源,buy,8500.0,11.1367,94661.7
2026-03-18,508090,外运REIT,buy,76500.0,4.0621,310752.4
2026-03-18,508096,京能国际,buy,2500.0,10.0462,25115.4
2026-03-18,508098,京东仓储,buy,71503.0,3.3122,236829.27
2026-03-18,508026,电建清源,buy,8000.0,4.1303,33042.0
2026-03-18,508068,京保REIT,buy,229468.0,3.9778,912774.91
2026-03-18,508018,中交REIT,buy,16050.0,5.5509,89092.64
2026-03-18,508048,外高REIT,buy,35300.0,3.6913,130302.5
2026-03-18,508016,华电REIT,buy,9300.0,4.2879,39877.2
2026-03-18,508017,金茂商业,buy,230800.0,3.9238,905615.6
2026-03-18,180202,华夏越秀高速REIT,buy,64431.0,5.3878,347142.16
2026-03-18,180203,招商高速公路REIT,buy,22200.0,7.2796,161607.8
2026-03-18,180301,红土创新盐田港REIT,buy,260352.0,2.4188,629746.84
2026-03-18,180303,华泰宝湾物流REIT,buy,92300.0,4.1074,379112.3
2026-03-18,180401,鹏华深圳能源REIT,buy,2600.0,5.5094,14324.4
2026-03-18,180501,红土创新深圳安居REIT,buy,162724.0,3.3456,544402.89
2026-03-18,180601,华夏华润商业REIT,buy,121500.0,10.0145,1216757.6
2026-03-18,180602,中金印力消费REIT,buy,251500.0,4.1737,1049684.9
2026-03-18,180603,华夏大悦城商业REIT,buy,197000.0,4.7513,936001.9
2026-03-18,180402,工银蒙能清洁能源REIT,buy,2800.0,7.0056,19615.6
2026-03-18,180607,华夏中海商业REIT,buy,33601.0,5.9286,199208.41
2026-03-18,180901,南方润泽科技数据中心REIT,buy,16000.0,7.0493,112788.6
2026-03-18,508001,浙江杭徽,buy,108658.0,5.7562,625457.52
2026-03-18,508015,明阳REIT,buy,2700.0,6.8454,18482.6
2026-03-18,508002,百联消费,buy,188400.0,3.167,596670.0
2026-03-18,508005,首创奥莱,buy,198900.0,3.995,794613.3
2026-03-18,508007,山东高速,buy,5100.0,6.9958,35678.7
2026-03-18,508009,安徽交控,buy,61822.0,6.3899,395037.79
2026-03-18,508011,物美消费,buy,15800.0,4.2838,67683.7
2026-03-18,180605,易方达华威市场REIT,buy,384100.0,5.0796,1951064.2
2026-03-19,508056,普洛斯,buy,138100.0,3.219,444543.67
2026-03-19,508055,地产租住,buy,74014.0,3.5921,265863.59
2026-03-19,508048,外高REIT,buy,101100.0,3.7113,375207.7
2026-03-19,508028,国家电投,buy,16300.0,10.6227,173150.5
2026-03-19,508033,深高REIT,buy,2500.0,6.49,16225.0
2026-03-19,508031,城投宽庭,buy,139888.0,3.7675,527023.58
2026-03-19,508058,厦门安居,buy,291600.0,4.1526,1210908.87
2026-03-19,508039,首农REIT,buy,325020.0,5.0028,1626010.64
2026-03-19,508060,万国REIT,buy,694500.0,4.5421,3154511.8
2026-03-19,508090,外运REIT,buy,120800.0,4.0564,490011.1
2026-03-19,508068,京保REIT,buy,338414.0,4.0394,1366991.4
2026-03-19,508077,华润有巢,buy,304431.0,2.7851,847856.82
2026-03-19,508078,易商仓储,buy,87700.0,2.8467,249658.6
2026-03-19,508082,唯品奥莱,buy,214200.0,4.4109,944825.1
2026-03-19,508084,九州通R,buy,280700.0,4.1698,1170459.6
2026-03-19,508085,恒泰租住,buy,85824.0,3.5652,305977.21
2026-03-19,508086,河北高速,buy,3700.0,5.0794,18793.9
2026-03-19,508087,济南能源,buy,84600.0,11.1117,940053.8
2026-03-19,508089,特变REIT,buy,16500.0,4.968,81971.3
2026-03-19,508026,电建清源,buy,42107.0,4.1328,174019.21
2026-03-19,508066,苏交REIT,buy,52204.0,6.2098,324176.09
2026-03-19,508018,中交REIT,buy,11683.0,5.5537,64884.39
2026-03-19,180607,华夏中海商业REIT,buy,27876.0,5.9247,165156.49
2026-03-19,508016,华电REIT,buy,51660.0,4.3141,222865.79
2026-03-19,508096,京能国际,buy,9800.0,10.065,98637.2
2026-03-19,180202,华夏越秀高速REIT,buy,42233.0,5.4158,228727.02
2026-03-19,180203,招商高速公路REIT,buy,10700.0,7.3142,78262.3
2026-03-19,180301,红土创新盐田港REIT,buy,314128.0,2.4194,760003.94
2026-03-19,180302,华夏深国际REIT,buy,29200.0,2.9606,86450.9
2026-03-19,180303,华泰宝湾物流REIT,buy,83700.0,4.1468,347085.3
2026-03-19,180401,鹏华深圳能源REIT,buy,14953.0,5.5015,82263.99
2026-03-19,180402,工银蒙能清洁能源REIT,buy,4400.0,7.0165,30872.4
2026-03-19,180501,红土创新深圳安居REIT,buy,372200.0,3.4391,1280034.0
2026-03-19,180601,华夏华润商业REIT,buy,125300.0,10.0803,1263058.9
2026-03-19,180602,中金印力消费REIT,buy,298100.0,4.174,1244267.6
2026-03-19,180603,华夏大悦城商业REIT,buy,145000.0,4.7382,687038.6
2026-03-19,180605,易方达华威市场REIT,buy,327800.0,5.1042,1673170.8
2026-03-19,180901,南方润泽科技数据中心REIT,buy,390700.0,7.0835,2767533.21
2026-03-19,508001,浙江杭徽,buy,107769.0,5.7545,620161.92
2026-03-19,508002,百联消费,buy,144500.0,3.2499,469616.4
2026-03-19,508005,首创奥莱,buy,190000.0,3.9979,759605.4
2026-03-19,508007,山东高速,buy,5200.0,6.9933,36365.3
2026-03-19,508009,安徽交控,buy,45854.0,6.4166,294225.4
2026-03-19,508011,物美消费,buy,33800.0,4.298,145273.2
2026-03-19,508015,明阳REIT,buy,5600.0,6.8513,38367.4
2026-03-19,508017,金茂商业,buy,266800.0,3.9362,1050179.8
2026-03-19,508098,京东仓储,buy,105333.0,3.3175,349437.93
